combination,speed,repeatability mean,repeatability std,total num matches,number possible correct matches,total correct matches,ratio correct/total matches,ratio correct/possible correct matches,size mean,size std,size normalized std,size min,size max,size unique count,size correct: avg,size correct/all ratio,total num keypoints,correct matches per sequence: avg,correct matches per sequence: std,distance correct/all ratio,response correct/all ratio,distinctiveness all: avg,distinctiveness correct: avg,distinctiveness correct/all ratio,match rank: avg,match rank: std,match rank correct: avg,match rank correct: std,ratio rank >25 / all,ratio rank >25 correct / rank >25,Matching distance mAP,Matching average_response mAP,Matching distinctiveness mAP,Verification distance AP,Verification average_response AP,Verification distinctiveness AP,Retrieval distance mAP,Retrieval average_response mAP,Retrieval distinctiveness mAP,distance-distinctiveness correlation,distance-average response correlation
AKAZE+AKAZE 3,0,0.40276291258019176,0.2203784447205295,134537,56834,38407,0.28547537108750753,0.6757750642221205,9.627800905971295,4.896251900058542,0.5085535054034841,4.800000190734863,64.58084869384766,105,9.208067022633942,0.9564039714326635,169619,333.97391304347826,180.52086286123927,0.5263735085785038,1.0042932260783315,0.4173963407618107,0.8715202941733189,2.0879921768903484,3.3604361625426464,7.500712275607179,0.10383523836800583,0.9669453646290642,0.03304667117595903,0.0004165907256489702,0.8144733214026837,0.37331930536385954,0.8154429281547083,0.7742537331786414,0.09590341282158962,0.7757563813200569,0.9727179365173022,0.7775314824028597,0.9701683037815291,0.714556749552842,-0.036682923455491734
AKAZE+BRISK 3,0,0.40276291258019176,0.2203784447205295,128111,56834,35855,0.27987448384603975,0.6308723651335468,9.583453012249166,4.90134767110042,0.511438587410584,4.800000190734863,64.58084869384766,103,9.372926224080976,0.9780322616598522,169619,311.7826086956522,189.32800075914705,0.6081630937341642,0.974173769192949,0.3446254894177641,0.7437857706236644,2.1582436397269142,3.7538462739343226,8.058599874369323,0.2325198717054804,1.5322178651804803,0.03969994770160252,0.000836703388648724,0.7438815802924219,0.35194830247310677,0.7642250957665055,0.6514331044427127,0.07707765160768176,0.6476721531476022,0.9127213169830186,0.6659331941951611,0.9388359236009036,0.6646749928204629,0.041554143758534154
AKAZE+ORB 3,0,0.4026976929902396,0.22037355828717242,131108,56823,33676,0.256856942368124,0.5926473435052707,9.630174715748735,5.034676732011948,0.5228022212077289,4.800000190734863,64.58084869384766,104,9.18422367683512,0.9536923210557824,169596,292.83478260869566,188.45974915360495,0.5975347606159453,0.971246194003898,0.21079315281944835,0.5019263131261242,2.381131959993224,3.8031012600298992,7.968915596883102,0.24100249435799975,1.3973362207966646,0.03877719132318394,0.0006235894999406105,0.6746252937992978,0.3267384644161769,0.7178204885296698,0.5904719763911895,0.07533164939334887,0.6383944239152745,0.8710161110176646,0.6592646565126604,0.9055768954942257,0.6544491943559455,0.054554902580506194
AKAZE+SIFT 3,0,0.40276291258019176,0.2203784447205295,129419,56834,41483,0.3205325338628795,0.7298975965091319,9.676416482997556,5.040609425944606,0.5209169566855113,4.800000190734863,64.58084869384766,105,9.181470155100973,0.948850245463674,169619,360.7217391304348,183.08437341367988,0.5438170411611815,1.0106359438568273,0.4983417782733239,0.9294334637265834,1.8650522678369945,4.1226867770574644,8.75367358085822,0.11944652026131186,1.009168280265587,0.04812276404546473,0.0003374876455415471,0.8273245609656009,0.4117905257813995,0.8150510825111297,0.7803268102032376,0.1000971868716117,0.7616268966548889,0.9802613351424361,0.8309688047931458,0.9710198328614561,0.6070445238056915,-0.00948112428561261
AKAZE+BRIEF 3,0,0.40276291258019176,0.2203784447205295,129872,56834,42989,0.3310105334483183,0.756395819403878,9.629157249212588,5.044369075504469,0.5238640251634655,4.800000190734863,64.58084869384766,103,8.957626386864431,0.9302606817016027,169619,373.81739130434784,217.8212503151308,0.5059584529168717,1.0107827017946038,0.24203189765425814,0.4907665673938546,2.027693755039318,3.808434458543797,8.154644176203707,0.2253599758077648,1.287858840837547,0.04144080325243316,0.000581544115936635,0.7303425931460537,0.4189376513570693,0.735820110580841,0.7244259899540283,0.10596611380041428,0.6174862118500285,0.9137920162434738,0.8011955979103296,0.9264460219025428,0.5334100082105165,0.014376311637708762
BRISK+BRISK 3,0,0.3637532654949121,0.19430470300558247,137173,52261,33577,0.244778491394079,0.6424867492011251,21.47124335667689,11.420878773655692,0.5319151100816039,8.399999618530273,72.0,130400,21.67745950002818,1.0096042944474926,172243,291.97391304347826,170.30624389838164,0.5709777699284979,1.0151040404486673,0.35824657910128327,0.8044565823712978,2.2455387693844866,3.7736507913364874,7.921024692271539,0.17467313935134168,1.096262362619131,0.03850612000903968,0.00029782291449504127,0.7801458066300918,0.3545635988300349,0.7711912633260698,0.7387950569220724,0.10914503258617636,0.7148674903603195,0.961225498498505,0.7457589748499036,0.9565228949393538,0.6577324839795444,0.027436412564980476
BRISK+ORB 3,0,0.36536115942028985,0.19444009468909176,137979,52471,30287,0.2195044173388704,0.5772140801585638,21.62375211521824,11.496648319831293,0.531667596750716,8.399999618530273,72.0,131023,21.839695985647776,1.009986419992188,172162,263.3652173913043,166.37769135756898,0.6000993840643728,1.0058531610011643,0.21776745590647256,0.5651328930128326,2.595120977376655,3.4422846954971407,7.341415650628997,0.19014758807409118,1.2322894658218786,0.03162800136252618,0.0005612969260738931,0.7063443510116851,0.3195840776580957,0.7449130797827805,0.6429027969454186,0.09626010578801045,0.6977823698248484,0.9025760723036309,0.6836402980382693,0.9234725405665586,0.7758691412732874,0.04582025889073186
BRISK+SIFT 3,0,0.3637532654949121,0.19430470300558247,131550,52261,33149,0.2519878373242113,0.6342970857809839,21.145753281142767,11.845614037658112,0.560188794419621,8.399999618530273,72.0,124582,21.115071118163854,0.9985490153710308,172243,288.25217391304346,164.75994888365213,0.5866294763112012,1.024199096523413,0.41633072831501017,0.8797702520547245,2.113152338323344,5.358175598631699,9.959089819240411,0.20845274367250896,1.3794166070877456,0.06755606233371342,0.0006938369181574104,0.7366052905097112,0.35797712083855,0.7333989208585887,0.7098214298493769,0.11422632367398793,0.6741822519633577,0.961141682402758,0.7757585052692298,0.9613752112107178,0.5852340084023198,0.03369627120790912
BRISK+BRIEF 3,0,0.3651623163090944,0.1946266071646219,133257,52451,38157,0.28634143046894345,0.7274789803816896,21.637527965562345,11.819562393386514,0.5462528996934485,8.399999618530273,72.0,126356,21.56068851730529,0.9964487880325632,172192,331.8,200.95771564749853,0.49938177927650623,1.0073803022383772,0.205693030251596,0.46427792340989155,2.2571397914747244,4.606384655215111,8.852637009175252,0.28773226406688157,1.3663712326775002,0.05078907674643734,0.00044552768823544826,0.7168723192356244,0.38781610113184134,0.7352028312685208,0.7188176023822985,0.12541772414710886,0.638064171633446,0.9062507209595965,0.810610027919076,0.9225527504682469,0.5537289968183297,0.022223848543458855
FAST+BRISK 3,0,0.38035478260869565,0.19845556560753067,136306,54676,29213,0.2143192522706264,0.5342929255980686,7.0,0.0,0.0,7.0,7.0,1,7.0,1.0,172500,254.02608695652174,183.26300705339662,0.5961901192264394,1.0040444684513992,0.34349696877994346,0.80248845157345,2.3362315377157024,3.9634425483837834,8.248813506211487,0.1796460479923322,1.2288705408990552,0.042411926107434744,0.0003423133536439256,0.6720427790016926,0.30933764421886,0.7067668705204814,0.6256737108388194,0.08531624075676533,0.6838688066299339,0.88463330197962,0.6546197032732771,0.8865766246569471,0.6967945406168067,0.03165939901505974
FAST+ORB 3,0,0.3821426086956522,0.19637401894072912,136369,54933,38035,0.2789123627803973,0.6923889101268819,7.0,0.0,0.0,7.0,7.0,1,7.0,1.0,172500,330.7391304347826,205.78621608280434,0.5418062021751839,1.0192388135075883,0.2439513881199715,0.5980144644743396,2.4513673362671966,4.221655948199371,8.465855518505759,0.17699487314315762,1.3490812644260946,0.04493689914863349,0.0006572893387669252,0.6821366915710948,0.39778560260756163,0.7767751363420375,0.6341253658710075,0.12070373867033221,0.7639165269638166,0.8912546314023071,0.7936725830090261,0.9265126602861247,0.5867823368342269,0.013546870955788066
FAST+SIFT 3,0,0.3802504347826087,0.1985072463353342,130824,54661,44272,0.33840885464440773,0.8099376154845319,7.0,0.0,0.0,7.0,7.0,1,7.0,1.0,172500,384.97391304347826,207.21761134108627,0.543302570982965,1.0339424556307106,0.47431093850804507,0.9187095524749488,1.9369351998601778,4.970502354308078,9.784372312225878,0.13249909649439826,1.2312999525269164,0.0640020179783526,0.0006098662811709432,0.817207160749784,0.45975382777851553,0.8163652439723774,0.8083964512992081,0.14901694963418566,0.7329615950102478,0.9605807761949146,0.8949187020967267,0.968976463686296,0.5289797136102553,0.016027144718246934
FAST+BRIEF 3,0,0.3821426086956522,0.19653223347124182,135202,54933,39449,0.2917782281327199,0.7181293575810532,7.0,0.0,0.0,7.0,7.0,1,7.0,1.0,172500,343.03478260869565,200.78852948507497,0.5094834472544942,1.022777718018441,0.2586517833990546,0.5978773698274921,2.3115145852486605,4.0306874158666295,8.364811535528322,0.14608735329159167,1.1486302851339092,0.043949054008076804,0.0004816345154503283,0.7366631274996379,0.41358020356963,0.7890138877889015,0.7142384241391816,0.12707799317828178,0.7442815734514545,0.9220837164132251,0.8305062279554476,0.93701400854578,0.6172474500581575,0.010015142616236856
GFTT+BRISK 3,0,0.3883895652173913,0.21276982761493515,137438,55831,30193,0.21968451228917765,0.5407927495477423,3.0,0.0,0.0,3.0,3.0,1,3.0,1.0,172500,262.54782608695655,199.1382409709728,0.5832274424016259,0.9993492763507446,0.356520933457237,0.8219099825450561,2.305362477807044,3.7795806108936394,7.985363022853082,0.16460769052429372,1.1642492978678038,0.039137647521064044,0.0004636836352797006,0.6938550726839806,0.3065565691733421,0.7191327850453105,0.6659455041562193,0.08124757966283694,0.7115454138854354,0.8934303390104207,0.6358701152708924,0.889762765597768,0.7335007889720713,0.00506964382655009
GFTT+ORB 3,0,0.3896834782608696,0.21103604634627451,135491,56017,39154,0.2889786037448982,0.6989663852044915,3.0,0.0,0.0,3.0,3.0,1,3.0,1.0,172453,340.4695652173913,221.10726579370356,0.5380232497730516,1.0300581123972676,0.24499462589046211,0.5928300882194021,2.419767723739615,4.266512166859791,8.55593062961064,0.174592634213618,1.258352943888093,0.04660826180336701,0.0005363436685906931,0.6902786551304472,0.3940322437850237,0.7778120611696429,0.6467859531820919,0.11498899491227717,0.756830050681232,0.886579953995162,0.7954447799316116,0.9242605450058771,0.5880024196075507,-0.010905350974719386
GFTT+SIFT 3,0,0.3891408695652174,0.21352379193191326,134128,55939,42852,0.3194858642490755,0.7660487316541232,3.0,0.0,0.0,3.0,3.0,1,3.0,1.0,172500,372.62608695652176,226.4233610957701,0.5408454727001519,1.0489593150700467,0.5062213012777215,0.9321786043281328,1.841444842355071,4.018102111415961,8.58475683887753,0.11551386166339961,0.9123621562784425,0.04585917929142312,0.00025669747036311024,0.7834734781765381,0.4342706274519592,0.7974436096051831,0.7836513349458178,0.1304080919840516,0.7428377137317449,0.9339001529690603,0.8421772807215233,0.9381723316125864,0.6179384447342364,0.035658892022902205
GFTT+BRIEF 3,0,0.3894886956521739,0.21126970883733362,134256,55989,40365,0.30065695387915625,0.7209451856614693,3.0,0.0,0.0,3.0,3.0,1,3.0,1.0,172481,351.0,218.03840906153886,0.5048610494906554,1.032101491891595,0.2548026269086793,0.5838178895000528,2.291255379047924,4.124605231795972,8.497375319054381,0.1460671373714852,1.0343390432957698,0.045644142533667026,0.0002477393781741608,0.7406807759583249,0.40841887978470653,0.7872667802447267,0.7290526089574442,0.11984650920889972,0.7350893420677059,0.9167049711096416,0.8260904524306005,0.935706453067551,0.6040572821107166,0.0013014884150217238
ORB+BRISK 3,0,0.35135304347826085,0.20783551745749376,135232,50507,31692,0.23435281590156176,0.6274773793731562,45.25326004538331,15.109871107272998,0.3338957478890958,31.0,111.0786361694336,36,45.21736750674341,0.9992068518687073,172139,275.5826086956522,169.85292781947234,0.5128771928432748,0.9868170086174679,0.3202436732362273,0.7608115593534545,2.3757270570408515,4.4073518102224325,8.538187101611305,0.24047078126972107,1.5034183374767311,0.04654963322290582,0.0009781648365518112,0.7800436933308688,0.29634452901669384,0.726231997849334,0.7590406461062194,0.0846475726911402,0.6583690757518786,0.9525986470512795,0.7391736147451847,0.944691538246731,0.5698136604689219,0.023898243895928532
ORB+ORB 3,0,0.34509913043478263,0.2083752190455653,137170,49608,31605,0.2304075235109718,0.6370948234155781,45.88200185672443,15.87095310997902,0.345908035127569,31.0,111.0786361694336,36,46.713459508672884,1.0181216515910714,172500,274.82608695652175,170.88975652357894,0.5628399559533439,0.976158060652796,0.21490072042046954,0.5523151439145779,2.570094427016957,3.69039148501859,7.662176376522646,0.23312766967252016,1.3796532094412564,0.035102427644528686,0.0007277329536465749,0.7528394372447078,0.2891692648725264,0.760293136041425,0.7115998879129961,0.08365079277195239,0.7086666940587687,0.9186045112390105,0.6726370881808462,0.9360987842619256,0.729976698385112,0.004478295010147722
ORB+SIFT 3,0,0.34509913043478263,0.2083752190455653,127106,49608,27137,0.21349896936415275,0.547028705047573,44.730321702583055,17.40984533452268,0.38921797724332724,31.0,111.0786361694336,36,44.471323925265295,0.9942097939952262,172500,235.97391304347826,153.33977395311513,0.5598886944294498,0.9748639551528945,0.3559808622542307,0.7934105047724885,2.2288010084257253,6.621489150787531,11.142165353303364,0.3912002063603199,2.162205027790919,0.09090837568643495,0.002211003427055312,0.6180638146196885,0.2560774723098271,0.5745785453972472,0.5929057878358353,0.07120732764375629,0.46884519245699385,0.9290949590459385,0.7251438745648039,0.9174639600899016,0.4525889028224894,0.09407077703058055
ORB+BRIEF 3,0,0.34509913043478263,0.2083752190455653,130461,49608,37723,0.2891515472056783,0.7604217061764231,45.951527782634955,16.146447479973148,0.35137999233346223,31.0,111.0786361694336,36,46.240276239944905,1.0062837618517455,172500,328.02608695652174,199.02127746722985,0.48520331770364045,1.0037995507763287,0.1501518892462389,0.3248461021446937,2.163449982383959,5.652639486129955,9.86644539462868,0.5204252047822283,1.7620190073185582,0.06766773211917738,0.0008747978686742836,0.7366198531117609,0.3472499160380005,0.7000949325872178,0.7444044392176118,0.1070631875553227,0.5085446300931162,0.9024060667160757,0.8088707677276465,0.9120194488985185,0.5037764137383431,-0.031606367876617504
SIFT+BRISK 3,0,0.3020382608695652,0.17277598040720557,131824,43418,26652,0.2021786624590363,0.6138467916532314,5.683779451317858,7.375689111979805,1.297673348368515,1.7983053922653198,197.4391553401947,116039,5.940636448710866,1.0451912322765184,172278,231.75652173913045,157.64636215576044,0.5191234513524385,0.9810661435559437,0.2603926376404609,0.6313888136040274,2.424756780089237,4.760263684913218,9.003521942589666,0.24463454900195108,1.7279624048308755,0.05305558927054254,0.0012381809995497524,0.7178988908483791,0.28392484870875406,0.6418668491793392,0.6785363500762867,0.07787088012496136,0.49322480474092023,0.9042085640359778,0.6636062193034081,0.8875488822503935,0.49544397245768884,0.015010269476519464
SIFT+SIFT 3,0,0.30040347826086955,0.1729223519791142,131735,43183,33377,0.25336470945458683,0.7729198990343422,5.9015311042421,8.218057613883833,1.392529746725656,1.7977952361106873,346.2698974609375,121261,5.7700067896084635,0.9777135268271153,172322,290.23478260869564,165.23960628681704,0.4911713344431645,1.0011392749068366,0.48595465478898187,0.9541760291019702,1.9635083637923092,4.1060690021634345,8.619329273134092,0.07052760883242952,0.7320364341667787,0.045811667362508066,0.00014980375707822753,0.7722652399480863,0.3420124485315802,0.8068138378067848,0.729636690007259,0.09074056592754356,0.7729372039121477,0.9541272616552309,0.7604723093853473,0.9486508666499451,0.5646362328780987,0.031687808718929546
SIFT+BRIEF 3,0,0.3023491909741332,0.17174200841820075,132323,43439,32695,0.2470847849580194,0.7526646561845346,5.995601297000539,8.042577516846556,1.341412999038157,1.796990156173706,239.13036346435547,116857,5.49521289143582,0.9165407469947924,172168,284.30434782608694,171.3132484997328,0.4824489641761678,1.0051778007248646,0.19296309709889728,0.4794400743002801,2.48462053889277,4.777287395237411,8.98379003984971,0.17733598409542745,1.2967167824755157,0.0536641400210092,0.0004893714635265331,0.7259949002297931,0.3415100784782707,0.7374141432549224,0.7159151978329347,0.11430838480576416,0.6321070750166323,0.9055838910547708,0.8065344549156451,0.9223197948337706,0.5514709577696332,-0.012433625788394766
SIFT SIG 4.8+BRISK 3,0,0.30117156037559256,0.1809979061714665,122287,40789,28817,0.23565055974878768,0.7064894947167129,12.465439903519409,9.993387585059487,0.801687518644089,5.399348497390747,442.14707946777344,109866,11.81797344520702,0.9480590766692809,161824,250.58260869565217,141.36022333393785,0.5746974531481703,1.0152798863322405,0.2726624284494998,0.6422941173294385,2.355638512360711,4.166616238847956,8.198852236769985,0.18183711003921296,1.4178793468014403,0.04111639013141217,0.0007981399868133394,0.759301146305785,0.3198971072092758,0.725169318201719,0.6950838139991431,0.09829566767095378,0.5741817012838273,0.9358537689719039,0.7007130622889793,0.9409289402864468,0.5600181784311679,0.07606336636385398
SIFT SIG 4.8+SIFT SIG 4.8 3,0,0.29805034874186653,0.17967682015752803,125888,40780,35675,0.2833868200305033,0.874816086316822,13.338052699129307,12.565014776751354,0.94204266995973,5.4032816886901855,442.14707946777344,116207,11.753108911614529,0.8811712756526865,163288,310.2173913043478,150.66771862835438,0.46326639826679084,1.0286299562448593,0.5328012802328717,0.9673907279712817,1.815668925473422,3.4194363243518047,7.747949223557871,0.04451296426068675,0.5584369369507348,0.03584932638535841,8.409250175192712e-05,0.8387361183612263,0.38159044655640056,0.8376725654967173,0.8117980514812658,0.11669361015988024,0.8150598536248168,0.9860831310616652,0.8609844688502301,0.9757342448491556,0.5941211035978337,0.028423184664958284
SIFT SIG 4.8+BRIEF 3,0,0.2980063467885956,0.1794712717391611,123685,40196,31087,0.2513400978291628,0.7733854114837297,13.439683497994421,12.261682472273455,0.9123490500429747,5.3972556591033936,271.7062225341797,111675,11.480848986855477,0.8542499522826369,161442,270.32173913043476,156.01820115815843,0.47528691771006804,1.01596892504068,0.21239334105984753,0.4937673285787203,2.3247778207867076,4.1070218700731695,8.282885240593872,0.16859137259947887,1.236649523177768,0.04251930306827829,0.00045034902049088043,0.7290567287894275,0.34855088547679813,0.7092397652357582,0.7204599524303342,0.11650925252435353,0.5878344631050718,0.9069305615784935,0.7862338376569128,0.9259140678689313,0.4983715521381366,0.04448987841751661
AKAZE+AKAZE 6,0,0.47168023996670616,0.21182141550898784,134537,66623,43798,0.3255461322907453,0.6574005973912913,9.627800905971295,4.896251900058542,0.5085535054034841,4.800000190734863,64.58084869384766,105,9.553758595249871,0.9923095303439956,169619,380.8521739130435,182.73374517507403,0.5494087948595849,1.0166172659686645,0.4173963407618107,0.8546320307383225,2.047531200629338,3.3604361625426464,7.500712275607179,0.13395588839673045,1.146502620532546,0.03304667117595903,0.0005708023197406274,0.8718123602106407,0.41733966619123913,0.8749728416545458,0.8000718689376148,0.09870426096473889,0.7966216517600277,0.9629900660776984,0.7585654126918855,0.9606404058984255,0.7258466050148836,-0.028930023303203222
AKAZE+BRISK 6,0,0.47168023996670616,0.21182141550898784,128111,66623,39714,0.30999679965030325,0.5961004457919937,9.583453012249166,4.90134767110042,0.511438587410584,4.800000190734863,64.58084869384766,103,9.676933754641297,1.0097543904344966,169619,345.3391304347826,190.87669076528104,0.6244097388426492,0.9871082758514452,0.3446254894177641,0.7254563427532544,2.105057127314913,3.7538462739343226,8.058599874369323,0.28161353678803447,1.736134244299909,0.03969994770160252,0.0010323815279246614,0.7849311138942616,0.3856581478834472,0.8061182570365092,0.6606784300632006,0.07639840885205813,0.6435583319668661,0.9041866297854655,0.6403843762964897,0.9248773067579494,0.6768242138822806,0.04134180484123344
AKAZE+ORB 6,0,0.4715210292812777,0.21186721785351892,131108,66601,37751,0.2879381883637917,0.5668233209711566,9.630174715748735,5.034676732011948,0.5228022212077289,4.800000190734863,64.58084869384766,104,9.464937139032996,0.9828416844353283,169596,328.2695652173913,191.0323133030062,0.6130395732998465,0.9830245216366928,0.21079315281944835,0.48203571336066453,2.2867712110817227,3.8031012600298992,7.968915596883102,0.2888135413631427,1.5796182853901162,0.03877719132318394,0.0009006383936849355,0.7244399675932818,0.35895891761573645,0.7643317577573954,0.5930217279058834,0.07548174547355832,0.6214347005863393,0.8505453281582946,0.6245578311318113,0.8975635902675436,0.656098776584274,0.057178875117260365
AKAZE+SIFT 6,0,0.47168023996670616,0.21182141550898784,129419,66623,47711,0.3686552979083442,0.7161340678144185,9.676416482997556,5.040609425944606,0.5209169566855113,4.800000190734863,64.58084869384766,105,9.547302216900453,0.9866568097472892,169619,414.8782608695652,185.05999721951923,0.5713768572722043,1.0226366399764324,0.4983417782733239,0.9157039116760124,1.8375017941477492,4.1226867770574644,8.75367358085822,0.14988157867158516,1.1378651046189245,0.04812276404546473,0.000440150070214416,0.8844057184843874,0.4640321154482807,0.8790969851415112,0.8105125618557693,0.1042285931628564,0.7813129847452664,0.9748012082883966,0.8178980871550391,0.9627872835129141,0.630271285204366,-0.0037305404256838845
AKAZE+BRIEF 6,0,0.47168023996670616,0.21182141550898784,129872,66623,49548,0.38151410619687076,0.7437071281689507,9.629157249212588,5.044369075504469,0.5238640251634655,4.800000190734863,64.58084869384766,103,9.236963224274353,0.9592701609509694,169619,430.8521739130435,220.75901649726407,0.5336832716806387,1.019429793386412,0.24203189765425814,0.4690724817326494,1.938060587380586,3.808434458543797,8.154644176203707,0.2803745862597885,1.4414870112414904,0.04144080325243316,0.0007063857269718253,0.7954195687163885,0.4727041228049551,0.8004885692061008,0.743208282676918,0.10878529783282807,0.6110282734769505,0.9025548083923405,0.7733858387853284,0.9163596420932885,0.5591103483677813,0.0023048417376430857
BRISK+BRISK 6,0,0.4233349861239593,0.19549741045641336,137173,60820,37196,0.2711612343536993,0.611575139756659,21.47124335667689,11.420878773655692,0.5319151100816039,8.399999618530273,72.0,130400,22.384138045253028,1.0425170854529138,172243,323.44347826086954,173.1056069372656,0.5884418803802115,1.0149828532809748,0.35824657910128327,0.7877946187645899,2.1990290060574873,3.7736507913364874,7.921024692271539,0.21088289063340143,1.2425261522401618,0.03850612000903968,0.00037638455747929884,0.822727084649049,0.3841267778924456,0.8148993245617993,0.7527435722476324,0.10821095113240856,0.72005577743482,0.9501104465655783,0.706984781397374,0.9440110991026011,0.671003440345919,0.03554899316299886
BRISK+ORB 6,0,0.42502183574879226,0.19578104570978583,137979,61037,33875,0.24550837446278057,0.5549912348247784,21.62375211521824,11.496648319831293,0.531667596750716,8.399999618530273,72.0,131023,22.493648682569667,1.0402287522866678,172162,294.5652173913044,169.5908185801692,0.6172769588862465,1.0054778973195122,0.21776745590647256,0.544727924987747,2.501420254556762,3.4422846954971407,7.341415650628997,0.24705535055350553,1.5068786317943648,0.03162800136252618,0.0009151291512915129,0.7521581313054376,0.34773713859536043,0.783977104161127,0.6520804386473429,0.0959813512565506,0.6967042791726497,0.8843934654688469,0.6419600014156641,0.9107707610284841,0.7906003981585282,0.05811566647312087
BRISK+SIFT 6,0,0.4233349861239593,0.19549741045641336,131550,60820,38504,0.29269479285442795,0.6330812232818152,21.145753281142767,11.845614037658112,0.560188794419621,8.399999618530273,72.0,124582,21.332357705630162,1.0088246761421267,172243,334.81739130434784,170.51633009180475,0.6110323174888229,1.0243887938693095,0.41633072831501017,0.8606260864394302,2.067169266901315,5.358175598631699,9.959089819240411,0.25776542696862664,1.5935301070878838,0.06755606233371342,0.0008830251402451694,0.8002945502276506,0.3979928975583284,0.7974493283469917,0.7485480039170636,0.11911230477892105,0.6987331119953428,0.9601730269723766,0.7590655021997608,0.9550842931495485,0.5951650550198206,0.037894105801151816
BRISK+BRIEF 6,0,0.42466384659198786,0.19582158677303707,133257,60996,43810,0.32876321694169913,0.7182438192668372,21.637527965562345,11.819562393386514,0.5462528996934485,8.399999618530273,72.0,126356,22.022508447656236,1.0177922580946683,172192,380.95652173913044,206.74619564574496,0.5299083730765276,1.0065544615049298,0.205693030251596,0.44174887445073474,2.147612264306691,4.606384655215111,8.852637009175252,0.37906870577493723,1.6788342685710118,0.05078907674643734,0.0008445560374343757,0.772209807746775,0.4290873969881388,0.7860703246552692,0.7254566059703331,0.12885746956765926,0.6362627754862229,0.8897409229940346,0.7817706134670966,0.9038518420326124,0.5855194073489013,0.03851228322927889
FAST+BRISK 6,0,0.43782956521739125,0.19432610555406848,136306,62938,30756,0.2256393702404883,0.4886713908926245,7.0,0.0,0.0,7.0,7.0,1,7.0,1.0,172500,267.44347826086954,183.23699034687283,0.604811594513516,1.0084370557938525,0.34349696877994346,0.7926769807657201,2.3076680518643458,3.9634425483837834,8.248813506211487,0.21592534789959683,1.497093031843458,0.042411926107434744,0.0007478215632722071,0.6915554723916107,0.3216991827479878,0.7272855399662972,0.6216680391725142,0.07921972189450441,0.667837701218714,0.8687995103838543,0.6065384767296211,0.8770571864488198,0.7037751847854036,0.035938553688944136
FAST+ORB 6,0,0.4401460869565218,0.1914531511712036,136369,63271,41431,0.3038153832615917,0.654818163139511,7.0,0.0,0.0,7.0,7.0,1,7.0,1.0,172500,360.2695652173913,208.79764790192482,0.5628143852604952,1.0219863165274727,0.2439513881199715,0.5776632574377889,2.367944129728432,4.221655948199371,8.465855518505759,0.24117206922352827,1.6175300262977244,0.04493689914863349,0.0010137336776809636,0.7100305392725569,0.42111979484791834,0.8027130951563685,0.6207642656491377,0.11701842230807889,0.7499341892580745,0.8682799277280783,0.748124985266728,0.9121678528710161,0.6020960379527873,0.03483484722321096
FAST+SIFT 6,0,0.437384347826087,0.19536401724286465,130824,62874,50798,0.3882926680119856,0.8079333269714031,7.0,0.0,0.0,7.0,7.0,1,7.0,1.0,172500,441.7217391304348,218.42175189601252,0.5790812445554427,1.0343260467232724,0.47431093850804507,0.8937866174838831,1.8843896375135423,4.970502354308078,9.784372312225878,0.19418087326272687,1.4907394222607835,0.0640020179783526,0.0009055474624985236,0.8612899632762007,0.503165098120204,0.8664797738547633,0.8370438160242035,0.15601874860328457,0.7553449140837432,0.9592793474108289,0.8850253217665823,0.9601726256775133,0.5621228725725118,0.03658610208408362
FAST+BRIEF 6,0,0.43994434782608693,0.19169975717990761,135202,63242,44187,0.32682208843064453,0.6986970684039088,7.0,0.0,0.0,7.0,7.0,1,7.0,1.0,172500,384.23478260869564,207.7662704531133,0.5373952892146672,1.02342154702258,0.2586517833990546,0.5727418480380562,2.2143355847441244,4.0306874158666295,8.364811535528322,0.20567135130241926,1.3847242383162095,0.043949054008076804,0.0007015638083599249,0.7723471011298267,0.4437343119734584,0.8217186809510914,0.7100954725635936,0.1259251195172656,0.7317798936730984,0.9081237573451729,0.7876162894998656,0.9279135567845959,0.6410528439715815,0.03952853007928753
GFTT+BRISK 6,0,0.44049391304347824,0.2095842166671728,137438,63321,31842,0.23168264963110638,0.5028663476571753,3.0,0.0,0.0,3.0,3.0,1,3.0,1.0,172500,276.88695652173914,199.4733834360687,0.5933220553877951,1.005961376627752,0.356520933457237,0.8107573599776867,2.2740806608903745,3.7795806108936394,7.985363022853082,0.20670812134916147,1.4601832558095036,0.039137647521064044,0.0008165316248979335,0.7134360837719165,0.31821188408474693,0.7365193861032672,0.6611125625944291,0.07562362323959866,0.697082107805056,0.8735027413318524,0.5906708035638484,0.8716424809298738,0.7370838623899721,0.004964520080501018
GFTT+ORB 6,0,0.4420382608695652,0.20761527613336153,135491,63543,42577,0.3142422743946092,0.6700502022252648,3.0,0.0,0.0,3.0,3.0,1,3.0,1.0,172453,370.23478260869564,222.62369616578994,0.558947473682868,1.0347653139468813,0.24499462589046211,0.572794463541247,2.337987869976157,4.266512166859791,8.55593062961064,0.23801583014303498,1.5412526393703374,0.04660826180336701,0.0008925006458886253,0.7181583523376086,0.4174188015175978,0.8044703690681201,0.6363205370165611,0.11070792702951589,0.7446460265540304,0.8612724421127864,0.7475006047824179,0.9099666482501156,0.5975978418694162,0.005538255098560125
GFTT+SIFT 6,0,0.4409947826086957,0.21092019914546223,134128,63393,46269,0.34496152928545865,0.729875538308646,3.0,0.0,0.0,3.0,3.0,1,3.0,1.0,172500,402.3391304347826,230.30372712936853,0.5638729267649043,1.0517370593358137,0.5062213012777215,0.9157384899081127,1.8089687012315652,4.018102111415961,8.58475683887753,0.17785126110354665,1.27947926650674,0.04585917929142312,0.000561931314703149,0.8056024931632421,0.4566419875028808,0.8201823547230003,0.7770212586831341,0.12524512386690348,0.7266995715194582,0.9179644164888493,0.7909127888667205,0.9167206423908547,0.636940624312572,0.04944649862076641
GFTT+BRIEF 6,0,0.44162782608695655,0.20776232388406923,134256,63484,45227,0.3368713502562269,0.7124157267973033,3.0,0.0,0.0,3.0,3.0,1,3.0,1.0,172481,393.2782608695652,224.63348110145566,0.5341801673739962,1.0373979012411505,0.2548026269086793,0.5572055857449761,2.186812563532469,4.124605231795972,8.497375319054381,0.22132796780684105,1.4066929133258965,0.045644142533667026,0.0006190992106485065,0.7783957583896078,0.44095928378747123,0.8185360747520702,0.727097315646501,0.12136809493953817,0.7216119369638746,0.9029220016080535,0.7975179953042092,0.9228937650334745,0.6307815537430451,0.023112184288072723
ORB+BRISK 6,0,0.40644869565217395,0.21492411698903421,135232,58427,38091,0.2816714978703265,0.6519417392643811,45.25326004538331,15.109871107272998,0.3338957478890958,31.0,111.0786361694336,36,45.84295147748622,1.0130309160381268,172139,331.2260869565217,185.17639350299228,0.5456157385074094,0.9889259750283774,0.3202436732362273,0.7265273230572006,2.2686703400422172,4.4073518102224325,8.538187101611305,0.34491087133443593,1.9285398605856017,0.04654963322290582,0.0017064398414323593,0.8486584639919137,0.34521248538971405,0.7901242606786881,0.8086687020963896,0.09267424805643004,0.6954675800040099,0.9494831922191637,0.722063424541671,0.9429132564702666,0.6019491260211869,0.03373177522362506
ORB+ORB 6,0,0.4000904347826087,0.2171011357084479,137170,57513,36143,0.2634905591601662,0.6284318328030184,45.88200185672443,15.87095310997902,0.345908035127569,31.0,111.0786361694336,36,47.773731090470825,1.041230311607887,172500,314.2869565217391,182.3656510953554,0.587266895228641,0.9674934567932122,0.21490072042046954,0.5279671358710378,2.4567955604710403,3.69039148501859,7.662176376522646,0.3118999529646128,1.6700144065359184,0.035102427644528686,0.0010790471183908365,0.7980662425634568,0.3223955257708347,0.8026022702066253,0.7267253299519232,0.08392706002508038,0.7160576662961731,0.8900611262869874,0.618760928945063,0.9221946623222165,0.7514317514426478,0.013709077313021812
ORB+SIFT 6,0,0.4000904347826087,0.2171011357084479,127106,57513,33853,0.2663367582962252,0.5886147479700242,44.730321702583055,17.40984533452268,0.38921797724332724,31.0,111.0786361694336,36,44.71935884565123,0.9997549121822839,172500,294.37391304347824,171.6867451200164,0.591204425734683,0.9879379201518579,0.3559808622542307,0.7600696234549266,2.1351418125171797,6.621489150787531,11.142165353303364,0.4949930582223141,2.408533562330952,0.09090837568643495,0.002629013676779015,0.7075123057561276,0.31720055213548143,0.654983019441341,0.6531465048064802,0.08185133167054434,0.5104582483258672,0.9265834659587726,0.7211363171605538,0.9101510707430998,0.4653172289139564,0.09532064565403624
ORB+BRIEF 6,0,0.4000904347826087,0.2171011357084479,130461,57513,43893,0.33644537447972955,0.7631839757967763,45.951527782634955,16.146447479973148,0.35137999233346223,31.0,111.0786361694336,36,46.86273677047136,1.0198297865556658,172500,381.67826086956524,209.89287320693475,0.522026975832436,0.9940527551800565,0.1501518892462389,0.3069850692397676,2.0444968809971678,5.652639486129955,9.86644539462868,0.6920237851137995,2.2476215733121894,0.06766773211917738,0.0017314833800378192,0.7894077393471725,0.39457785688424973,0.7516645858680124,0.7573227940135104,0.11014101858238252,0.5145951509893625,0.8846941930426636,0.7709434802965259,0.895553592433393,0.5379600598102436,-0.027223351597466392
SIFT+BRISK 6,0,0.3629426086956522,0.1731079236429613,131824,52173,28541,0.21650837480276733,0.5470454066279493,5.683779451317858,7.375689111979805,1.297673348368515,1.7983053922653198,197.4391553401947,116039,6.264270316044152,1.1021311382150305,172278,248.18260869565216,157.9837406388334,0.5292904847186714,0.9833936859111191,0.2603926376404609,0.6231485945080059,2.3931114187968054,4.760263684913218,9.003521942589666,0.26814056970673766,1.8346271679121575,0.05305558927054254,0.0014014925896079324,0.7502744444410958,0.29824218280083453,0.6745420090301676,0.6831050065656784,0.07394422440332263,0.4791575550516806,0.8961795632095537,0.6232190110849546,0.8739869274146563,0.5077280670277126,0.016879643963397382
SIFT+SIFT 6,0,0.3612382608695652,0.17359486246786307,131735,51928,36129,0.27425513341177366,0.6957518101987367,5.9015311042421,8.218057613883833,1.392529746725656,1.7977952361106873,346.2698974609375,121261,6.183253679730454,1.0477372008233334,172322,314.16521739130434,167.1149008751702,0.5090289940310901,1.0022024859393175,0.48595465478898187,0.9454549725211395,1.9455621284905449,4.1060690021634345,8.619329273134092,0.10138669766669435,0.9859600146000761,0.045811667362508066,0.0003321431536992444,0.7975339201461008,0.36234161604765114,0.8439428883597454,0.7311708758126045,0.08578423214977561,0.7728592521850361,0.9466286203438353,0.716828580863507,0.935387872840365,0.584951692588264,0.02974551944271426
SIFT+BRIEF 6,0,0.3644656466703357,0.17203499872316264,132323,52361,37420,0.28279286291876693,0.7146540364011382,5.995601297000539,8.042577516846556,1.341412999038157,1.796990156173706,239.13036346435547,116857,5.603880454939932,0.9346652949960873,172168,325.39130434782606,178.99413134184152,0.5148638553410276,1.004856766398794,0.19296309709889728,0.45474307323838087,2.356632330612502,4.777287395237411,8.98379003984971,0.2556654195617317,1.5501680822216584,0.0536641400210092,0.000774986638161411,0.7621270500606602,0.37307561260392225,0.7780178778642776,0.7147325149519432,0.11567854006260309,0.614869524168383,0.8924253616781381,0.7707171206575596,0.9099743078910371,0.5921443831665554,0.003122737246363512
SIFT SIG 4.8+BRISK 6,0,0.36388821984841696,0.17220304340729323,122287,49335,32020,0.2618430413698921,0.6490321272929969,12.465439903519409,9.993387585059487,0.801687518644089,5.399348497390747,442.14707946777344,109866,12.57325744497858,1.0086493170151767,161824,278.4347826086956,143.80525058049153,0.5902578754224603,1.019979209751263,0.2726624284494998,0.6311487020038968,2.314762270669033,4.166616238847956,8.198852236769985,0.222735790131168,1.6126205133878804,0.04111639013141217,0.0011242973141786384,0.8007968253409062,0.34851551899541566,0.7790439241607768,0.7112711017540038,0.0972119811516786,0.5841473377217701,0.9266957872696682,0.6731006369812919,0.9295365631911657,0.5779632535976994,0.07675285144327516
SIFT SIG 4.8+SIFT SIG 4.8 6,0,0.36086853504189204,0.17135826651260305,125888,49421,41237,0.32756895017793597,0.8344023795552498,13.338052699129307,12.565014776751354,0.94204266995973,5.4032816886901855,442.14707946777344,116207,12.604465854079189,0.9450004538445101,163288,358.5826086956522,152.25356325429462,0.49659854126447917,1.033294721228449,0.5328012802328717,0.9593363125438984,1.800551815724994,3.4194363243518047,7.747949223557871,0.05844266071731697,0.6330754828285386,0.03584932638535841,9.700026675073356e-05,0.8883192383501672,0.4288505165091438,0.902041591592759,0.8363442916691435,0.1204114449061695,0.8440856276339389,0.9843139557227182,0.8434625595184931,0.9664195323500433,0.6269360751118542,0.033264417452698994
SIFT SIG 4.8+BRIEF 6,0,0.36183750266283693,0.17111789611838363,123685,48865,35702,0.2886526256215386,0.730625191855111,13.439683497994421,12.261682472273455,0.9123490500429747,5.3972556591033936,271.7062225341797,111675,12.07710056360092,0.8986149536485114,161442,310.45217391304345,162.08512221391632,0.5035699448422705,1.0192148199181472,0.21239334105984753,0.47617029846986875,2.2419266823233173,4.1070218700731695,8.282885240593872,0.2099882359531679,1.3905125825194653,0.04251930306827829,0.0006442216122346087,0.7731116835996785,0.38801843048698004,0.7664632459391306,0.7349565033520649,0.1191117764908807,0.5934296480202461,0.8957581572973206,0.7454988957847425,0.9159315714156249,0.5366987202838343,0.045223198615414927
AKAZE+AKAZE 10,0,0.5100567345368313,0.20581934083741796,134537,72075,45568,0.33870236440533086,0.632230315643427,9.627800905971295,4.896251900058542,0.5085535054034841,4.800000190734863,64.58084869384766,105,9.695639653099972,1.0070461310730472,169619,396.24347826086955,184.86124485346102,0.5621518324068524,1.0172684214212584,0.4173963407618107,0.842876873242143,2.0193681422883745,3.3604361625426464,7.500712275607179,0.1601781952247191,1.256687337867528,0.03304667117595903,0.0006364115168539326,0.8772484111212673,0.43126023007735736,0.8822703329743532,0.7911000174462495,0.09638267898412517,0.7821398183763958,0.9564375386498194,0.7329199348235457,0.9566508981228022,0.7374851519612412,-0.025432845790360273
AKAZE+BRISK 10,0,0.5100567345368313,0.20581934083741796,128111,72075,40639,0.317217100795404,0.5638432188692334,9.583453012249166,4.90134767110042,0.511438587410584,4.800000190734863,64.58084869384766,103,9.797279076353414,1.0223120063124371,169619,353.38260869565215,190.89544520991157,0.6314143008941073,0.9885807538300161,0.3446254894177641,0.7177995019073666,2.082839267403205,3.7538462739343226,8.058599874369323,0.3154851251261104,1.8893071906756334,0.03969994770160252,0.0013533797583601959,0.7876657928249275,0.39322834370362625,0.8094716637217487,0.6514835629321398,0.07314493026580719,0.6233029622181528,0.8882871548583019,0.5892119063920723,0.9145219198999178,0.6817244314326073,0.04254795111798495
AKAZE+ORB 10,0,0.5099437976929903,0.20593553471383585,131108,72059,38778,0.29577142508466303,0.5381423555697414,9.630174715748735,5.034676732011948,0.5228022212077289,4.800000190734863,64.58084869384766,104,9.580423650860116,0.994833835692798,169596,337.2,191.33640759030996,0.6202189964648724,0.984787314289662,0.21079315281944835,0.4745294679130751,2.251161679428582,3.8031012600298992,7.968915596883102,0.3215483005828047,1.704765540021475,0.03877719132318394,0.001108876166898757,0.7299350873091304,0.3677039794299758,0.7669920790967787,0.5824827338740857,0.07239974334507371,0.6022363553299372,0.8350623685408329,0.5845805228962311,0.8896537558818484,0.6619549535076983,0.05608225186262822
AKAZE+SIFT 10,0,0.5100567345368313,0.20581934083741796,129419,72075,49732,0.3842712430168677,0.6900034686090878,9.676416482997556,5.040609425944606,0.5209169566855113,4.800000190734863,64.58084869384766,105,9.726945155702227,1.0052218373189552,169619,432.45217391304345,186.4307888118624,0.5869607248969411,1.023446137093413,0.4983417782733239,0.9053374332784239,1.8166998488773631,4.1226867770574644,8.75367358085822,0.19379876136089438,1.4220416152085482,0.04812276404546473,0.000824418885224805,0.8899326768397408,0.4805534741161717,0.8866232072337532,0.8035199751496819,0.10182390824460501,0.7681667951044572,0.9716861068626096,0.7903724055120944,0.9580457395721347,0.6451988407229473,0.0005161532782384025
AKAZE+BRIEF 10,0,0.5100567345368313,0.20581934083741796,129872,72075,51333,0.3952584082789208,0.712216441207076,9.629157249212588,5.044369075504469,0.5238640251634655,4.800000190734863,64.58084869384766,103,9.340880247344266,0.9700620735119997,169619,446.37391304347824,220.8524772575011,0.546025631493646,1.0204463797397092,0.24203189765425814,0.46050568419197,1.9026652629472873,3.808434458543797,8.154644176203707,0.325093020084546,1.619979091124373,0.04144080325243316,0.0008571484230417081,0.805118759618009,0.48603486878432817,0.8102851723080617,0.733779353568615,0.10491839264745866,0.591949486164366,0.8933605245448812,0.7308733285146657,0.9056436422795786,0.5724259853860372,0.004707197948212217
BRISK+BRISK 10,0,0.46059737280296026,0.19738641683169336,137173,66172,38262,0.2789324429734715,0.5782203953333737,21.47124335667689,11.420878773655692,0.5319151100816039,8.399999618530273,72.0,130400,22.624589468729827,1.0537158511453544,172243,332.7130434782609,175.21081787216477,0.5976254964256658,1.0130301713678107,0.35824657910128327,0.7776114319126118,2.170603928342791,3.7736507913364874,7.921024692271539,0.2500914745700695,1.4738665283910726,0.03850612000903968,0.0007056609691077309,0.82349685375227,0.39131564302456057,0.8149449358101779,0.7449037223624279,0.10361667381792217,0.7053194963567453,0.9365761760646415,0.6533004761593079,0.9356525227046155,0.6796393094200838,0.04373632368905664
BRISK+ORB 10,0,0.4623613526570049,0.1979463461429993,137979,66397,34944,0.2532559302502555,0.5262888383511303,21.62375211521824,11.496648319831293,0.531667596750716,8.399999618530273,72.0,131023,22.715784827308667,1.0505015367486514,172162,303.8608695652174,171.73416701688393,0.6266522529998263,1.0034242858053866,0.21776745590647256,0.5345592645612325,2.4547252128932278,3.4422846954971407,7.341415650628997,0.2922676282051282,1.7036482373581503,0.03162800136252618,0.0012591575091575092,0.7527337013903045,0.3549168311760395,0.7828011829473605,0.6418891751819584,0.09142230527028948,0.6805808642547257,0.8630140154468234,0.5948385004527684,0.8972643080298931,0.797818642169431,0.06257297157485951
BRISK+SIFT 10,0,0.46059737280296026,0.19738641683169336,131550,66172,41986,0.3191638160395287,0.6344979749743094,21.145753281142767,11.845614037658112,0.560188794419621,8.399999618530273,72.0,124582,21.28136829315029,1.0064133450440123,172243,365.09565217391304,178.05450918740019,0.6299048550772139,1.0207419872643753,0.41633072831501017,0.8412815034715535,2.020704805711605,5.358175598631699,9.959089819240411,0.3171295193635974,1.7938085908089534,0.06755606233371342,0.001071785833373029,0.8287748900030922,0.42175170493827235,0.8176895644414955,0.7549910957614044,0.1205964699199398,0.6945473823426608,0.9531544299543452,0.7326414896777819,0.9496700860701146,0.6046606612781275,0.05109642499325043
BRISK+BRIEF 10,0,0.4619809075374977,0.19775677571286365,133257,66354,45520,0.3415955634600809,0.6860174217078097,21.637527965562345,11.819562393386514,0.5462528996934485,8.399999618530273,72.0,126356,22.128832789894147,1.022706143932604,172192,395.82608695652175,209.3750228394875,0.5444737773672335,1.0054116730529075,0.205693030251596,0.43160685183849257,2.0983056708852375,4.606384655215111,8.852637009175252,0.4507029876977153,1.9563187780482825,0.05078907674643734,0.0012521968365553603,0.7768786323718153,0.44049495271504086,0.7889515744540462,0.7130315844141519,0.12427307229886747,0.6154107193680647,0.8733422738665134,0.7291811879862651,0.8954749292056479,0.6030883569287566,0.04608247941864968
FAST+BRISK 10,0,0.47622260869565214,0.19664965760629477,136306,68457,31374,0.2301732865757927,0.458302291949691,7.0,0.0,0.0,7.0,7.0,1,7.0,1.0,172500,272.81739130434784,183.19956249277053,0.6119233944778771,1.0098433949176167,0.34349696877994346,0.7843935892318469,2.2835531621076917,3.9634425483837834,8.248813506211487,0.2582711799579269,1.7232712179449114,0.042411926107434744,0.0010199528271817428,0.6901924697917743,0.3264041120533041,0.7249732885543129,0.6088871677679494,0.07458783457121759,0.6502455689188402,0.8444233740233074,0.554267488913118,0.8575514676588378,0.7117704242010962,0.03620542116992936
FAST+ORB 10,0,0.4786852173913043,0.19376427644164118,136369,68811,42388,0.31083310723111557,0.6160061618055253,7.0,0.0,0.0,7.0,7.0,1,7.0,1.0,172500,368.5913043478261,209.34074140344052,0.5714961092882427,1.0213419316265213,0.2439513881199715,0.5687393642023543,2.331363508875207,4.221655948199371,8.465855518505759,0.29999056336699065,1.9042704921569922,0.04493689914863349,0.0014626781164480513,0.7125413645827865,0.4271164082376946,0.8012239086019,0.6047948389923686,0.10926806427163535,0.7297771120103214,0.8432598707321237,0.6939225185716333,0.9006219681570324,0.614505594516854,0.02974618429037879
FAST+SIFT 10,0,0.47569391304347824,0.1981569783023184,130824,68381,54107,0.4135861921359995,0.7912578055307761,7.0,0.0,0.0,7.0,7.0,1,7.0,1.0,172500,470.495652173913,225.06325193687385,0.606434501166076,1.0314879054705688,0.47431093850804507,0.8698110503232064,1.833841431233307,4.970502354308078,9.784372312225878,0.27933539098453064,1.812092973656817,0.0640020179783526,0.0013676603766610606,0.8660908752759304,0.5210716327470338,0.8702738715723336,0.8231257272095651,0.1537899855646831,0.7381947986839172,0.9521748089083655,0.8549147599073189,0.952192395614489,0.5921127881040652,0.05954514415352779
FAST+BRIEF 10,0,0.47847652173913036,0.1940299637686809,135202,68781,45842,0.3390630316119584,0.666492199880781,7.0,0.0,0.0,7.0,7.0,1,7.0,1.0,172500,398.62608695652176,210.36181918695374,0.551809184461388,1.022740420038381,0.2586517833990546,0.5597926655837754,2.1642714317577814,4.0306874158666295,8.364811535528322,0.2629902709305877,1.6224061382288648,0.043949054008076804,0.0009161903930893068,0.7770016183511248,0.45393213293787393,0.8227357141448731,0.6953160666564694,0.11961755043627073,0.7074836705121517,0.8855025841223826,0.7411115164385199,0.913131471633166,0.6531406315142977,0.048920889821568114
GFTT+BRISK 10,0,0.47606260869565215,0.21055625602132186,137438,68434,32570,0.2369795835212969,0.47593301575240377,3.0,0.0,0.0,3.0,3.0,1,3.0,1.0,172500,283.2173913043478,199.39097631706647,0.6021162117736119,1.0084630194102933,0.356520933457237,0.8008186140615559,2.2462036276408726,3.7795806108936394,7.985363022853082,0.2605158120970218,1.783650747420475,0.039137647521064044,0.0013509364445809028,0.7104076546376866,0.3236380289837869,0.7336450137157778,0.6492552207045901,0.07146047909756298,0.6807212365776504,0.8558618499803281,0.5276799706433785,0.8521187946480102,0.7475820418223166,0.014604311437478855
GFTT+ORB 10,0,0.47749565217391304,0.20884861061306934,135491,68640,43560,0.32149736882892593,0.6346153846153846,3.0,0.0,0.0,3.0,3.0,1,3.0,1.0,172453,378.7826086956522,222.73500662402262,0.5677685715337333,1.0354106011105175,0.24499462589046211,0.5637833620066941,2.3012070569203567,4.266512166859791,8.55593062961064,0.29483471074380163,1.8192953522559407,0.04660826180336701,0.0014003673094582186,0.7211821624338083,0.4238255146222116,0.8030685697268087,0.6227961476629655,0.10409441394179994,0.7253051788603774,0.8367392263954979,0.6811369483038098,0.892824223897451,0.6052507656009392,0.012640218655213828
GFTT+SIFT 10,0,0.4757773913043478,0.21208905228121167,134128,68393,47127,0.3513584039126804,0.6890617460851257,3.0,0.0,0.0,3.0,3.0,1,3.0,1.0,172500,409.8,231.0309296063681,0.5723573546981316,1.052847173641278,0.5062213012777215,0.908348318222628,1.7943700036524004,4.018102111415961,8.58475683887753,0.21764593545101535,1.5114630893707748,0.04585917929142312,0.0008487703439641819,0.8060583756774752,0.4623091536403729,0.8195044489592846,0.7690316903728952,0.11821086034532055,0.7115724951462161,0.9068016402955476,0.7202150692964733,0.897040342288755,0.6442450331279002,0.0572730191500044
GFTT+BRIEF 10,0,0.47707826086956523,0.2089401640089953,134256,68580,46900,0.3493326182814921,0.68387284922718,3.0,0.0,0.0,3.0,3.0,1,3.0,1.0,172481,407.82608695652175,225.8943678059,0.5496078286289077,1.0361869469878118,0.2548026269086793,0.5440782062271001,2.1352927669073702,4.124605231795972,8.497375319054381,0.2975053304904051,1.778213977375031,0.045644142533667026,0.0011727078891257995,0.7805962930506696,0.4503047004000376,0.8181034476120324,0.7104229208432161,0.115466258731558,0.6983479311511585,0.8792296898152123,0.7330705056995545,0.9067153932479972,0.6465730196555425,0.035020334170178455
ORB+BRISK 10,0,0.4383721739130435,0.21741070872702464,135232,63016,41370,0.3059187174633223,0.6564999365240574,45.25326004538331,15.109871107272998,0.3338957478890958,31.0,111.0786361694336,36,46.0194638145065,1.0169314601501591,172139,359.7391304347826,192.60200400585126,0.5724357431298011,0.9931998596886943,0.3202436732362273,0.6974383913834603,2.177836596537524,4.4073518102224325,8.538187101611305,0.46178390137781,2.264085608783033,0.04654963322290582,0.002320522117476432,0.8573461530831339,0.3683671084372566,0.7974039912040188,0.8027113259102668,0.09497816425061259,0.6834521606288511,0.9351392076151731,0.6860886616136801,0.9338936182659348,0.6350761364514402,0.0424598801650291
ORB+ORB 10,0,0.43169391304347826,0.22028058837565073,137170,62056,37420,0.27280017496537146,0.6030037385587211,45.88200185672443,15.87095310997902,0.345908035127569,31.0,111.0786361694336,36,48.057138794185896,1.0474071934405513,172500,325.39130434782606,185.83951447896365,0.6002540549744557,0.9676496536715095,0.21490072042046954,0.5159551864300672,2.4009002176473015,3.69039148501859,7.662176376522646,0.38663816141101015,2.000975971655411,0.035102427644528686,0.0016835916622127205,0.7962288012039647,0.33149225405931554,0.8000184019646908,0.7143128380111455,0.08046381466556292,0.6982562588274653,0.8587612833081739,0.5491830372535218,0.898016720403667,0.763932492646002,0.014970206063557154
ORB+SIFT 10,0,0.43169391304347826,0.22028058837565073,127106,62056,38538,0.3031957578713829,0.6210197241201495,44.730321702583055,17.40984533452268,0.38921797724332724,31.0,111.0786361694336,36,44.85554612847826,1.0027995422596743,172500,335.11304347826086,185.26520427976808,0.6116057068781825,1.0047424160050644,0.3559808622542307,0.734257840595947,2.0626329065733944,6.621489150787531,11.142165353303364,0.5928174788520422,2.679230929096893,0.09090837568643495,0.003217603404431989,0.7563742239720485,0.3568180673887784,0.6977425499679446,0.6874152941743696,0.09019094259045146,0.5250203025745287,0.9220026463339458,0.6988344051551113,0.9062825565230326,0.4841490934717863,0.09539365019335727
ORB+BRIEF 10,0,0.43169391304347826,0.22028058837565073,130461,62056,45642,0.3498516798123577,0.7354969704782777,45.951527782634955,16.146447479973148,0.35137999233346223,31.0,111.0786361694336,36,46.91538131344115,1.020975440367631,172500,396.88695652173914,211.7647901602313,0.53849733476109,0.9959585835523598,0.1501518892462389,0.2997471728828858,1.9962930495754256,5.652639486129955,9.86644539462868,0.7978177993952938,2.5601576908923436,0.06766773211917738,0.0024538801980631872,0.7926696688913192,0.4089531488649948,0.7552500219064585,0.7441686139299126,0.10647902061117291,0.49689711947513765,0.8656164771589667,0.7123926530939552,0.8861748130993516,0.5573431754516959,-0.02501363243057747
SIFT+BRISK 10,0,0.4112834782608696,0.17728342718122045,131824,59122,29320,0.2224177691467411,0.49592368323128444,5.683779451317858,7.375689111979805,1.297673348368515,1.7983053922653198,197.4391553401947,116039,6.4137685461063825,1.1284337474810475,172278,254.95652173913044,159.17883796996045,0.5403584363165158,0.9835467781415831,0.2603926376404609,0.615709364848317,2.364542140774588,4.760263684913218,9.003521942589666,0.3274556616643929,2.11101426997406,0.05305558927054254,0.0019781718963165075,0.7483598846746788,0.3041644824180141,0.6768172220048403,0.6707495481258684,0.06872536989510017,0.4613433105893541,0.8819158320528463,0.5827072643623005,0.8611775529095951,0.5226037310215215,0.02110828758701894
SIFT+SIFT 10,0,0.40893913043478264,0.17751265414570466,131735,58785,37222,0.2825520932174441,0.6331887386237985,5.9015311042421,8.218057613883833,1.392529746725656,1.7977952361106873,346.2698974609375,121261,6.411660573966243,1.086440189963153,172322,323.6695652173913,168.04247505184543,0.5204368387846874,1.0015926327173759,0.48595465478898187,0.9371604856794676,1.9284936906025003,4.1060690021634345,8.619329273134092,0.1445919080113911,1.3203886176153599,0.045811667362508066,0.0007522432969749073,0.8007145420597499,0.37129416350646416,0.845858618968193,0.7196962939959994,0.08001412173474337,0.7538531790933826,0.9288744735694695,0.6559503283529521,0.9171828823988255,0.5967036989430771,0.03732208637138632
SIFT+BRIEF 10,0,0.4133791818015043,0.17609928759128604,132323,59387,39293,0.2969476205950591,0.6616431205482681,5.995601297000539,8.042577516846556,1.341412999038157,1.796990156173706,239.13036346435547,116857,5.639962976113191,0.9406834605454393,172168,341.67826086956524,181.8675364977434,0.5336138492442076,1.0035066398049268,0.19296309709889728,0.4415339181849962,2.2881780237943716,4.777287395237411,8.98379003984971,0.3430890998396661,1.926854582160272,0.0536641400210092,0.0015269895401216502,0.7634012056110275,0.38598151788033225,0.7778713976299461,0.697850019692883,0.10990144924045475,0.5853440851246692,0.8713025969621504,0.7173795589763311,0.8984750471337387,0.6099939298253788,0.014084138996452802
SIFT SIG 4.8+BRISK 10,0,0.40633264453409623,0.1685341563263643,122287,55009,32790,0.2681397041386247,0.5960842771182897,12.465439903519409,9.993387585059487,0.801687518644089,5.399348497390747,442.14707946777344,109866,12.896225487106127,1.0345583940014098,161824,285.1304347826087,144.54699983285897,0.5971819150105292,1.0206978045032542,0.2726624284494998,0.6252952394757597,2.2932944704978726,4.166616238847956,8.198852236769985,0.2556877096675816,1.7884137480266533,0.04111639013141217,0.0013723696248856359,0.8021265133304494,0.3566888750722071,0.7822426030326513,0.7008683486071612,0.09163202235809133,0.5667059531951034,0.9146090506875391,0.6385625108653786,0.9189012314564502,0.5876006956644272,0.07674278676498718
SIFT SIG 4.8+SIFT SIG 4.8 10,0,0.40402697302307417,0.1680072245678224,125888,55248,43157,0.34282060244026435,0.7811504488850275,13.338052699129307,12.565014776751354,0.94204266995973,5.4032816886901855,442.14707946777344,116207,13.126321162229937,0.9841257534607588,163288,375.2782608695652,153.2428903422723,0.5141136157763018,1.0333695564374445,0.5328012802328717,0.952870503345325,1.7884163171095488,3.4194363243518047,7.747949223557871,0.07484301503811665,0.7523819958560729,0.03584932638535841,0.0001853696966888338,0.8937187040337612,0.44705730520166864,0.9122122474780894,0.8268507788036296,0.11603280681569676,0.834031934386324,0.9780013020421522,0.81012361525716,0.9576563407728278,0.6434046490825718,0.03869474008974111
SIFT SIG 4.8+BRIEF 10,0,0.40624024154961724,0.167806871716125,123685,54762,36962,0.2988397946396087,0.674957087031153,13.439683497994421,12.261682472273455,0.9123490500429747,5.3972556591033936,271.7062225341797,111675,12.318934572709923,0.916608979262663,161442,321.4086956521739,163.2670735809581,0.5166375413925223,1.0201640857756464,0.21239334105984753,0.46800811877779147,2.2034971362210345,4.1070218700731695,8.282885240593872,0.24806558086683622,1.535614102835413,0.04251930306827829,0.0007575347654347708,0.7750287997953977,0.4002099472120757,0.7714579549152164,0.7222624255862553,0.11350870788822731,0.5684895091407577,0.8854510714884417,0.7109707169423769,0.8958011731317218,0.5511355589092565,0.05483732980061955
AKAZE+AKAZE 15,0,0.5406951006273999,0.20350007375897755,134537,76385,46794,0.34781509919204384,0.6126071872749885,9.627800905971295,4.896251900058542,0.5085535054034841,4.800000190734863,64.58084869384766,105,9.75804325895044,1.0135277364219661,169619,406.90434782608696,186.08282279033213,0.5730707323190799,1.0166268248244577,0.4173963407618107,0.831955966697394,1.9932037860680571,3.3604361625426464,7.500712275607179,0.19660640253023892,1.4358325765125053,0.03304667117595903,0.0008548104457836475,0.8772629618592663,0.4393436607193528,0.8829706546665237,0.7789072912384677,0.09402020635257291,0.7654206321230741,0.9440524206511001,0.6766911538903652,0.9468186263975996,0.7475094756315044,-0.01892632294140401
AKAZE+BRISK 15,0,0.5406951006273999,0.20350007375897755,128111,76385,41222,0.3217678419495594,0.539660928192708,9.583453012249166,4.90134767110042,0.511438587410584,4.800000190734863,64.58084869384766,103,9.843515415505362,1.0271366075384096,169619,358.45217391304345,190.57620835488956,0.6367714714143836,0.9896806945812825,0.3446254894177641,0.7121344805980228,2.066401071496933,3.7538462739343226,8.058599874369323,0.3545679491533647,2.075778249409207,0.03969994770160252,0.0017223812527291252,0.787984371929843,0.3977594750598512,0.8098606189390926,0.6435366191610766,0.07022597650773357,0.6063668699273348,0.8681371046435643,0.5328413416351961,0.9011420662186037,0.6883744198129725,0.04712776175853881
AKAZE+ORB 15,0,0.5405232653061224,0.20365170143801947,131108,76360,39370,0.30028678646611956,0.5155840754321634,9.630174715748735,5.034676732011948,0.5228022212077289,4.800000190734863,64.58084869384766,104,9.602520327135666,0.9971283606549896,169596,342.3478260869565,190.68809239758687,0.6252092557117568,0.9881790548358101,0.21079315281944835,0.47000587063551263,2.229701792249813,3.8031012600298992,7.968915596883102,0.3567945135890272,1.8882758434213844,0.03877719132318394,0.0014986029972059943,0.7314678715827622,0.37189811110397814,0.7671257808158285,0.5780912318658156,0.07006943040314842,0.5868079212533169,0.8148192755423378,0.5285303045998412,0.8724904847402335,0.6649696263200938,0.05989704687564356
AKAZE+SIFT 15,0,0.5406951006273999,0.20350007375897755,129419,76385,50880,0.39314165617104135,0.6660993650585848,9.676416482997556,5.040609425944606,0.5209169566855113,4.800000190734863,64.58084869384766,105,9.819230690467283,1.0147589975814564,169619,442.4347826086956,186.67237658923852,0.5965621793115525,1.0243140438480263,0.4983417782733239,0.8967670240564264,1.7995019947225446,4.1226867770574644,8.75367358085822,0.23879716981132076,1.6809876925135194,0.04812276404546473,0.0011988993710691823,0.8917772342583877,0.4893625754434603,0.8886002629234913,0.7988337332724865,0.09926389649394013,0.7552772823676064,0.9645322282410831,0.7427829882351241,0.9507127513326294,0.6555555744954562,0.003946560878379979
AKAZE+BRIEF 15,0,0.5406951006273999,0.20350007375897755,129872,76385,52236,0.40221140815572254,0.6838515415330235,9.629157249212588,5.044369075504469,0.5238640251634655,4.800000190734863,64.58084869384766,103,9.375008123438942,0.9736062960448145,169619,454.2260869565217,220.88293420682942,0.5532337102851833,1.0234587572255673,0.24203189765425814,0.4555886268761824,1.8823495220741087,3.808434458543797,8.154644176203707,0.3714296653648825,1.863762476295913,0.04144080325243316,0.0012634964392373076,0.8080781915430597,0.49210823456446334,0.8134196634825963,0.7289972723876663,0.10222636811360127,0.5755828532596305,0.8808325353869291,0.6813450666461951,0.8976558384076548,0.5809197737621212,0.00859028960347725
BRISK+BRISK 15,0,0.491940795559667,0.19941537153177027,137173,70672,39117,0.28516544801090593,0.5535006791940231,21.47124335667689,11.420878773655692,0.5319151100816039,8.399999618530273,72.0,130400,22.650119718398578,1.0549048949862092,172243,340.1478260869565,175.66228683759425,0.6067887946008437,1.012592486950706,0.35824657910128327,0.767442266495901,2.142217989690643,3.7736507913364874,7.921024692271539,0.30597949740522024,1.77231719776584,0.03850612000903968,0.0011503949689393358,0.8204664691866291,0.39658276576537205,0.8100266878266471,0.7355578595041111,0.10034363141451949,0.691478563545141,0.9194740970169573,0.5987465585662938,0.9227363614153627,0.6883567373266827,0.05060867281039361
BRISK+ORB 15,0,0.4934469565217391,0.2002157311384392,137979,70856,35648,0.25835815595126793,0.5031048887885289,21.62375211521824,11.496648319831293,0.531667596750716,8.399999618530273,72.0,131023,22.72036903395687,1.0507135354167725,172162,309.9826086956522,171.8303502375524,0.634175811385114,1.0042282864951373,0.21776745590647256,0.5273879613010272,2.421794198337567,3.4422846954971407,7.341415650628997,0.34529286355475763,1.975335958052524,0.03162800136252618,0.0017672800718132855,0.7496001819255066,0.35972252950207195,0.7785259713396432,0.6314858870687716,0.08883510487810226,0.6643922443264696,0.838680266888946,0.5391631244988423,0.8839472670549702,0.8017153483771314,0.06618518200510096
BRISK+SIFT 15,0,0.491940795559667,0.19941537153177027,131550,70672,44867,0.34106423413150894,0.6348624632103238,21.145753281142767,11.845614037658112,0.560188794419621,8.399999618530273,72.0,124582,21.346515377345742,1.0094942040386903,172243,390.1478260869565,183.84214606337457,0.6476886374618412,1.0199456266229265,0.41633072831501017,0.8234508765013242,1.9778767707923612,5.358175598631699,9.959089819240411,0.38948447634118616,2.0623419351805916,0.06755606233371342,0.0014710143312456816,0.8405539551386393,0.4391493899340301,0.8283556420122511,0.7516666213633043,0.12293739679120444,0.6876481408002036,0.9433092953377148,0.6971458227340748,0.9380390567311678,0.6189532888136947,0.06240550572219049
BRISK+BRIEF 15,0,0.4930979153218151,0.20004933644086642,133257,70819,46398,0.3481843355320921,0.655163162428162,21.637527965562345,11.819562393386514,0.5462528996934485,8.399999618530273,72.0,126356,22.117667255856272,1.022190117607617,172192,403.46086956521737,209.40749901262402,0.5529785171097423,1.0058637953941398,0.205693030251596,0.42592327191533536,2.0706743023541536,4.606384655215111,8.852637009175252,0.5116815379973275,2.239848759765641,0.05078907674643734,0.001853528169317643,0.7773726085490045,0.4459797006092716,0.7879398932323314,0.7053323762870111,0.1208713932721727,0.5996651369006066,0.8509014735747731,0.6780295299495905,0.8886318869549201,0.6124905066341878,0.05211843431259019
FAST+BRISK 15,0,0.5080834782608696,0.1993040936032979,136306,73037,32104,0.23552888354144352,0.4395580322302395,7.0,0.0,0.0,7.0,7.0,1,7.0,1.0,172500,279.16521739130434,183.83205617390743,0.6210823478300668,1.0109888389812072,0.34349696877994346,0.7737964676222868,2.252702463054365,3.9634425483837834,8.248813506211487,0.31425990530774983,1.9843521915135944,0.042411926107434744,0.0014328432594069274,0.686799981515097,0.33223004688398367,0.7201391912636118,0.5955502698063697,0.07215688468679571,0.6297235772392248,0.8236408508397935,0.5019932763322145,0.8369470535794342,0.7200578551551712,0.03677831274895285
FAST+ORB 15,0,0.510991304347826,0.19656546185418955,136369,73455,43237,0.3170588623514142,0.5886188823088966,7.0,0.0,0.0,7.0,7.0,1,7.0,1.0,172500,375.97391304347826,209.63133108303398,0.5794836936450547,1.0218531728388758,0.2439513881199715,0.5607326338462978,2.2985425013057856,4.221655948199371,8.465855518505759,0.36378564655272105,2.1917948255555757,0.04493689914863349,0.0020121655063949856,0.7147356292008975,0.4335355743943326,0.7989972379958343,0.5933935456622985,0.10482358769510772,0.7145632828497692,0.8137076868221305,0.6299933759268234,0.8856374471889725,0.6209961640373828,0.032038495342224325
FAST+SIFT 15,0,0.50768,0.20101310846288867,130824,72979,55715,0.42587751482908337,0.7634387974622837,7.0,0.0,0.0,7.0,7.0,1,7.0,1.0,172500,484.4782608695652,227.22925974427667,0.6203569443298816,1.030750961622821,0.47431093850804507,0.8554927881110597,1.8036539296395526,4.970502354308078,9.784372312225878,0.34663914565197884,2.0424743972608987,0.0640020179783526,0.0017589518083101499,0.8665494102057623,0.5302561510982261,0.86880410631873,0.8140861068746652,0.14888060152533694,0.7228447515818222,0.9467199075225127,0.8097127702608434,0.9506090095891516,0.6077058176232355,0.07315494401535999
FAST+BRIEF 15,0,0.510713043478261,0.19703382915090412,135202,73415,46794,0.34610434756882297,0.6373901791187088,7.0,0.0,0.0,7.0,7.0,1,7.0,1.0,172500,406.90434782608696,210.9668003517654,0.5605801061256529,1.0228034876098113,0.2586517833990546,0.5517708218372186,2.1332573647324615,4.0306874158666295,8.364811535528322,0.3132880283797068,1.8684180395479077,0.043949054008076804,0.0013890669743984272,0.7777497371131287,0.4595402994724196,0.8206419145947593,0.6832246614361295,0.11516494397498267,0.6884874225344547,0.8626985476440568,0.678011363913084,0.895734977038488,0.6617062418974853,0.05926575375667583
GFTT+BRISK 15,0,0.5051269565217391,0.21233740882470384,137438,72612,33282,0.24216010128203264,0.4583539910758552,3.0,0.0,0.0,3.0,3.0,1,3.0,1.0,172500,289.4086956521739,199.50987316321724,0.6113904549293819,1.0094777055049684,0.356520933457237,0.7902801525426623,2.2166444614603606,3.7795806108936394,7.985363022853082,0.3236884802595998,2.0750585912274193,0.039137647521064044,0.0019229613604951625,0.7055878975465327,0.32859070837829024,0.7277133913998992,0.6375373045055643,0.06873546191688792,0.6626223571531533,0.8296507802338154,0.4799628318779932,0.8375817106991913,0.7530799909483705,0.01821833642194476
GFTT+ORB 15,0,0.506455652173913,0.2104187320936019,135491,72803,44364,0.32743134230317883,0.6093704929741907,3.0,0.0,0.0,3.0,3.0,1,3.0,1.0,172453,385.7739130434783,222.44784677955866,0.5748297243416277,1.0358985206894644,0.24499462589046211,0.5562801181185266,2.270580899873458,4.266512166859791,8.55593062961064,0.3561897033630872,2.1161684757693706,0.04660826180336701,0.0018934271030565323,0.7234792594444447,0.4293602066874346,0.8011603161080216,0.6125892837612249,0.09986151086129783,0.7102597347529461,0.8030944210031015,0.6227561145026007,0.876107764873817,0.6132501082154385,0.011571462056503841
GFTT+SIFT 15,0,0.5051547826086956,0.21393655794406138,134128,72616,47874,0.3569277108433735,0.6592761925746392,3.0,0.0,0.0,3.0,3.0,1,3.0,1.0,172500,416.295652173913,231.3555507236894,0.5797597448510332,1.0522481234156376,0.5062213012777215,0.9004196152831779,1.7787074803262628,4.018102111415961,8.58475683887753,0.2609976187492167,1.714973381717194,0.04585917929142312,0.0011279608973555583,0.8062324728843062,0.46661765668328903,0.8171922178700901,0.7630402593600346,0.11318817362609329,0.6951076075619667,0.890143431197318,0.6561674090314366,0.8791163507118599,0.6522706163040094,0.06257752827925944
GFTT+BRIEF 15,0,0.5059269565217391,0.21045041936873485,134256,72727,47751,0.3556712549159814,0.6565787121701706,3.0,0.0,0.0,3.0,3.0,1,3.0,1.0,172481,415.2260869565217,225.91564646892147,0.5578053893385969,1.0355744085971321,0.2548026269086793,0.5370835576647685,2.107841524951225,4.124605231795972,8.497375319054381,0.34805553810391404,1.997513254534776,0.045644142533667026,0.0016334736445310046,0.7811584042832311,0.45559164103678373,0.8171733836593839,0.7009124736250232,0.10985327648741158,0.6824554914578218,0.8526559830760904,0.6658342569575635,0.8902103790822982,0.6551342488067824,0.040628379481521086
ORB+BRISK 15,0,0.461391304347826,0.21935205356377793,135232,66325,43371,0.320715511121628,0.6539163211458726,45.25326004538331,15.109871107272998,0.3338957478890958,31.0,111.0786361694336,36,46.22114274799254,1.0213881320735472,172139,377.1391304347826,195.3787353013104,0.5910728812493646,0.9961420341072535,0.3202436732362273,0.6782094488775907,2.1177918739937462,4.4073518102224325,8.538187101611305,0.5655622420511401,2.575015610982319,0.04654963322290582,0.0029051670471052084,0.858649470754555,0.3806429363871056,0.7963581188487013,0.7915506160910817,0.09455187573966324,0.668348821684012,0.9136529591233384,0.6339524846325013,0.9173709787005675,0.6547795358329878,0.0510236190404059
ORB+ORB 15,0,0.45510956521739127,0.2225960665982855,137170,65422,38275,0.2790333163228111,0.5850478432331632,45.88200185672443,15.87095310997902,0.345908035127569,31.0,111.0786361694336,36,48.082661480595284,1.0479634613751783,172500,332.82608695652175,186.92064165306206,0.6104619138981955,0.9723478712753542,0.21490072042046954,0.5077535574609522,2.3627354830057987,3.69039148501859,7.662176376522646,0.4539777922926192,2.281654789734828,0.035102427644528686,0.002273024167210973,0.7927769591207766,0.3382989636335708,0.7958311464241373,0.7044338982706684,0.07792362784158449,0.6859694092615845,0.8268207899101532,0.5031679740499162,0.8771347431168216,0.7713151277204652,0.020242193219978208
ORB+SIFT 15,0,0.45510956521739127,0.2225960665982855,127106,65422,42067,0.33095998615328936,0.6430099966372168,44.730321702583055,17.40984533452268,0.38921797724332724,31.0,111.0786361694336,36,45.03738330711662,1.0068647305193836,172500,365.8,193.74322765162543,0.6296543628942266,1.0186982435151741,0.3559808622542307,0.7162239407549825,2.011973161196169,6.621489150787531,11.142165353303364,0.6849074096084817,2.916221692590219,0.09090837568643495,0.003779684788551596,0.7838319435362926,0.3829620718225291,0.7281398313989225,0.6981543792709746,0.09735884959838642,0.536775009649918,0.9109630933185026,0.6700412051383152,0.8997029675626615,0.49812277534730715,0.1008739907891872
ORB+BRIEF 15,0,0.45510956521739127,0.2225960665982855,130461,65422,46542,0.3567502931910686,0.7114120632203235,45.951527782634955,16.146447479973148,0.35137999233346223,31.0,111.0786361694336,36,46.90005737785152,1.0206419599301118,172500,404.7130434782609,211.9494511195244,0.5478986222936647,1.000118438259752,0.1501518892462389,0.2960763452014539,1.9718456203765031,5.652639486129955,9.86644539462868,0.885393837823901,2.8928284167549636,0.06766773211917738,0.003265867388595247,0.7945375248281645,0.4157270967934966,0.7568611335727112,0.7371504453291142,0.10346417157902311,0.4846691322224254,0.8499157008240256,0.6672767542411698,0.8747666669808283,0.5718751223737129,-0.021093794383859804
SIFT+BRISK 15,0,0.4524382608695653,0.18319476714693272,131824,65038,30058,0.2280161427357689,0.462160583043759,5.683779451317858,7.375689111979805,1.297673348368515,1.7983053922653198,197.4391553401947,116039,6.439859245913147,1.133024126124384,172278,261.37391304347824,159.61477870278887,0.551597370103585,0.9847809136703458,0.2603926376404609,0.6075078138601979,2.333045278718744,4.760263684913218,9.003521942589666,0.3993945039590126,2.4535085499213087,0.05305558927054254,0.002827866125490718,0.7431454120713058,0.30895876103874464,0.6758794190241764,0.6539686137139329,0.06502738241441687,0.44328222489761443,0.8632753139959624,0.5314653733223124,0.8531876391170012,0.5440892828807089,0.018749138169217503
SIFT+SIFT 15,0,0.4501008695652174,0.18393037505754473,131735,64702,38095,0.28917903366607206,0.588776235665049,5.9015311042421,8.218057613883833,1.392529746725656,1.7977952361106873,346.2698974609375,121261,6.51773838916778,1.1044148160945457,172322,331.2608695652174,168.1576427541584,0.5313165840833547,1.001566764380292,0.48595465478898187,0.9279850970731343,1.9096125285107046,4.1060690021634345,8.619329273134092,0.20034125213282583,1.6655287361555875,0.045811667362508066,0.0012862580391127445,0.798996106332956,0.3775053315611475,0.8442128032600056,0.7064610577328384,0.07571961036036892,0.7346006110283736,0.9085294951808596,0.5997435179825019,0.9015031602666358,0.6082555544520661,0.039667749722045634
SIFT+BRIEF 15,0,0.4548782975600808,0.1818466515610539,132323,65348,40353,0.3049583216825495,0.6175093346391627,5.995601297000539,8.042577516846556,1.341412999038157,1.796990156173706,239.13036346435547,116857,5.647055115625442,0.9418663509947757,172168,350.89565217391305,182.4201730793878,0.5444214298628204,1.0047432328401098,0.19296309709889728,0.4336614227166407,2.247380090994191,4.777287395237411,8.98379003984971,0.4128565410254504,2.209000239138548,0.0536641400210092,0.002081629618615716,0.7627895153942541,0.3927472806376043,0.7759068867389279,0.6862389033362566,0.10456764287435744,0.5631874695403631,0.8555518758007757,0.6765945107082528,0.8882345557236134,0.6277292425641521,0.030304099768738508
SIFT SIG 4.8+BRISK 15,0,0.4581908714912717,0.17033682654351182,122287,61996,33286,0.27219573625978233,0.5369056068133428,12.465439903519409,9.993387585059487,0.801687518644089,5.399348497390747,442.14707946777344,109866,13.068554491519155,1.0483829365564121,161824,289.44347826086954,144.53380475977406,0.6028794341940975,1.0205751756191683,0.2726624284494998,0.6207117048720522,2.276484180096764,4.166616238847956,8.198852236769985,0.28949107732980833,1.9766745314528076,0.04111639013141217,0.0016823889923691642,0.8025533831896411,0.3606884228918732,0.7831338051542882,0.6878644834157489,0.08453914890842355,0.5438232557659926,0.896923608139146,0.5898100291503555,0.9057832921637586,0.5946987470229365,0.08044033383874998
SIFT SIG 4.8+SIFT SIG 4.8 15,0,0.45511808333905207,0.16941750660613833,125888,62193,44259,0.35157441535332995,0.7116395735854517,13.338052699129307,12.565014776751354,0.94204266995973,5.4032816886901855,442.14707946777344,116207,13.43021044175428,1.0069093851031934,163288,384.8608695652174,153.9077017004741,0.5251325231802867,1.0320022803671665,0.5328012802328717,0.9461807866286533,1.7758605726606096,3.4194363243518047,7.747949223557871,0.10637384486771052,1.013178175397187,0.03584932638535841,0.0003615083937730179,0.8954598010597239,0.45622368845688926,0.9152473374275618,0.8167135189027432,0.10794007972474429,0.8174600866151953,0.97084914958554,0.7521218864853786,0.9439983712187334,0.6556228748192519,0.04286856983772869
SIFT SIG 4.8+BRIEF 15,0,0.45835875659215936,0.17019257835153828,123685,61719,37716,0.30493592594089824,0.6110922082340933,13.439683497994421,12.261682472273455,0.9123490500429747,5.3972556591033936,271.7062225341797,111675,12.384006883423178,0.9214507830687545,161442,327.96521739130435,163.977619386718,0.5248654963553445,1.0200174318295938,0.21239334105984753,0.46256488439668764,2.1778690522427797,4.1070218700731695,8.282885240593872,0.2857142857142857,1.6984701030273355,0.04251930306827829,0.0009279881217520415,0.7761863157777815,0.40562169572574247,0.7731321577434709,0.7119588839992896,0.10485844688379949,0.5418794065526017,0.8716491198233906,0.6664884852711893,0.8761266536443607,0.5611632806558646,0.058791691633677694
