combination,speed,repeatability mean,repeatability std,total num matches,number possible correct matches,total correct matches,ratio correct/total matches,ratio correct/possible correct matches,size mean,size std,size normalized std,size min,size max,size unique count,size correct: avg,size correct/all ratio,total num keypoints,correct matches per sequence: avg,correct matches per sequence: std,distance correct/all ratio,response correct/all ratio,distinctiveness all: avg,distinctiveness correct: avg,distinctiveness correct/all ratio,match rank: avg,match rank: std,match rank correct: avg,match rank correct: std,ratio rank >25 / all,ratio rank >25 correct / rank >25,Matching distance mAP,Matching average_response mAP,Matching distinctiveness mAP,Verification distance AP,Verification average_response AP,Verification distinctiveness AP,Retrieval distance mAP,Retrieval average_response mAP,Retrieval distinctiveness mAP,distance-distinctiveness correlation
AGAST+SIFT 0.030625,0,0.35594434782608697,0.21444463446461332,131427,51167,2011,0.015301269906488012,0.039302675552602265,7.0,0.0,0.0,7.0,7.0,1,7.0,1.0,172500,17.48695652173913,26.018844414198792,0.5298928791310819,1.0715487336115428,0.27727900272810113,0.39123065400944274,1.4109638672968043,2.9973521422538747,7.885639091174675,1.2769766285430135,4.465388414643879,0.03773958166891126,0.009448035803083043,0.01523470031990954,0.0395167188223052,0.027490045687979546,0.003977826926616969,0.019699962053341315,0.006757773710606162,0.15553362442355556,0.16832495335230604,0.08855227609862316,0.02269409192799588
BRISK+SIFT 0.030625,0,0.4065958186864015,0.19414725239875202,131700,58417,9115,0.06921032649962035,0.15603334645736686,21.46178610286843,11.759747488018268,0.5479389008749157,8.399999618530273,72.0,124939,16.543377792004758,0.7708294972613527,172243,79.26086956521739,75.93029835276238,0.7740879499267838,1.0092063853700453,0.41111364968203506,0.7935704302981773,1.9302945326965992,3.746962794229309,8.63624495473176,0.6273176083379045,3.1600391256166023,0.046909643128321944,0.005046626439934174,0.0708507876403639,0.11243205046046176,0.23168252892728491,0.0173187616458905,0.02973263616393953,0.06918350800372965,0.1139421470146505,0.1892489271108733,0.32621762672657567,0.2042976066497884
FAST+SIFT 0.030625,0,0.3514086956521739,0.21460213928396704,131419,50515,2142,0.016299013080300413,0.0424032465604276,7.0,0.0,0.0,7.0,7.0,1,7.0,1.0,172500,18.62608695652174,27.78346736102487,0.5429543009670955,1.0578258764673694,0.2766078413309086,0.38982562730333553,1.409307940901731,3.000760924980406,7.862240184436081,1.3702147525676938,4.935410064310862,0.03787884552461973,0.011671335200746966,0.016416730220367656,0.041441227591262605,0.02899515943842054,0.004134573471956413,0.01480025114754377,0.00702217580591609,0.1409654071382146,0.15883647580594867,0.08021678238111972,0.052173450945195904
GFTT+SIFT 0.030625,0,0.2716730434782609,0.2263036303275599,129685,39053,2061,0.015892354551413038,0.05277443474252938,3.0,0.0,0.0,3.0,3.0,1,3.0,1.0,172500,17.921739130434784,27.408392185475172,0.4449267963008873,1.1281654604437776,0.2822588352044196,0.38879157137726483,1.377429234750761,3.2670933415583914,8.39699989791687,1.1620572537603104,4.168100066529314,0.044623510814666305,0.008248423095584668,0.016440128569647543,0.04662342896714797,0.026817784938429193,0.005209397974346822,0.012250780271088063,0.007732357735784963,0.2066393287114058,0.19019226941591424,0.10785869173009337,0.04677293683820425
ORB+SIFT 0.030625,0,0.4338643478260869,0.22058938213688162,130971,62368,18293,0.1396721411610204,0.2933074653668548,45.77691897875121,17.61637122930324,0.3848308628520943,31.0,111.0786361694336,36,42.84445263676963,0.9359400674531465,172500,159.0695652173913,127.07729395506263,0.6433726915392248,1.0471210559861301,0.4321013668838852,0.7424236978525575,1.7181702136389272,4.095303540478427,8.898858714933757,0.8301536106707483,3.568275634779249,0.050598987562132075,0.005849231946646258,0.18471749474251847,0.18822191454022966,0.3349715258102792,0.04209549886108184,0.03905363662531507,0.08815069381175193,0.14201901452352442,0.17239013746737816,0.40112956576974856,0.24790396061992984
SIFT+SIFT 0.030625,0,0.26274782608695657,0.1805097826316039,132575,37770,901,0.006796153120874977,0.023854911305268733,5.8571069815283385,7.284581471580237,1.2437166496281782,1.801165759563446,346.2698974609375,130873,8.107762536714132,1.3842606191561337,172322,7.834782608695652,9.388179834500132,0.7327288440707103,0.9904856533995393,0.25812713182065916,0.3295316587367495,1.276625422567747,2.934271167263813,8.000666217286781,1.8168701442841289,5.964078892909713,0.04014331510465774,0.022197558268590455,0.007488797920678274,0.03888388528008926,0.017686564740535343,0.0021318434170686062,0.0027347153795151255,0.003489677445271597,0.055649316534027486,0.08620974171957953,0.0438324167718591,-0.003328472502531713
AGAST+SIFT 0.06125,0,0.35594434782608697,0.21444463446461332,130827,51167,14638,0.11188821879275684,0.2860828268219751,7.0,0.0,0.0,7.0,7.0,1,7.0,1.0,172500,127.28695652173913,145.24490653150607,0.4630541641980803,1.0114542905879287,0.493495899269509,0.8691158708377347,1.7611410188498675,4.005870347863973,8.854487381063912,0.290955048503894,1.6614263886980662,0.049783301612052556,0.0009564148107664981,0.30828312271844205,0.16468540493874664,0.29592435298659997,0.351682570835902,0.05921689072245625,0.12599680725526455,0.46062957191683257,0.30908649579434233,0.42104200192285113,0.41083484397820724
BRISK+SIFT 0.06125,0,0.4065958186864015,0.19414725239875202,130133,58417,14980,0.11511299977715107,0.2564322029546194,21.38329467954597,12.274045910261396,0.5740016257645293,8.399999618530273,72.0,122670,19.714471175641975,0.921956670900659,172243,130.2608695652174,117.65809619080133,0.6234585797181432,1.001391717681424,0.4639866741749288,0.8296344807449838,1.788056698439148,3.897996664950474,8.593519985264173,0.4759679572763685,2.42420962116682,0.045806982087556576,0.0022029372496662216,0.20378380364444265,0.16870401437215504,0.3315910097332131,0.05770010042174832,0.04132130294945548,0.11323832008394723,0.2880585821088859,0.28273069364844144,0.46469949762704194,0.4136325460339743
FAST+SIFT 0.06125,0,0.3514086956521739,0.21460213928396704,130825,50515,15000,0.11465698452130708,0.29694150252400275,7.0,0.0,0.0,7.0,7.0,1,7.0,1.0,172500,130.43478260869566,148.72531613594018,0.4642401840863957,1.013433602633009,0.4908911384027178,0.8678260346393529,1.7678584247072002,4.101081597553985,8.976790804456913,0.3048,1.7469679333061612,0.05180966940569463,0.0008666666666666666,0.30495230763752923,0.16710888813828761,0.2908318769246541,0.34995213043034057,0.05591245490004207,0.11868832033193188,0.4429378830381193,0.30088583611696373,0.416029273324184,0.45148999993381717
GFTT+SIFT 0.06125,0,0.2716730434782609,0.2263036303275599,129685,39053,2061,0.015892354551413038,0.05277443474252938,3.0,0.0,0.0,3.0,3.0,1,3.0,1.0,172500,17.921739130434784,27.408392185475172,0.4449267963008873,1.1281654604437776,0.2822588352044196,0.38879157137726483,1.377429234750761,3.2670933415583914,8.39699989791687,1.1620572537603104,4.168100066529314,0.044623510814666305,0.008248423095584668,0.016440128569647543,0.04662342896714797,0.026817784938429193,0.0052113509965072335,0.012435098346960743,0.007716243973277919,0.20619135547668632,0.19368210771079333,0.10366978804509663,0.04677293683820425
ORB+SIFT 0.06125,0,0.4338643478260869,0.22058938213688162,131872,62368,26054,0.19757037126910945,0.41774628014366344,45.60017661273378,17.671339223372385,0.3875278680047412,31.0,111.0786361694336,36,42.750766662641,0.9375131817077855,172500,226.55652173913043,161.20962271982066,0.618130806893403,1.0426041953013483,0.44152649710771275,0.7940729752330178,1.7984718480877477,4.5143851613686,9.234297712419966,0.6828893835879327,3.2622276315115535,0.055652450861441397,0.004912873263222537,0.33669149744234317,0.2575313894280395,0.48695187280046254,0.09049674293509097,0.055756950837498806,0.1562471159442158,0.28997403153939394,0.2897621505411262,0.6028464342674242,0.36823135363150816
SIFT+SIFT 0.06125,0,0.26274782608695657,0.1805097826316039,133962,37770,8036,0.05998716053806303,0.2127614508869473,5.865123952075887,7.647611430706605,1.303913010738644,1.7982441186904907,346.2698974609375,129283,7.905459970295162,1.3478760269844123,172322,69.87826086956522,90.20355221252672,0.6405527004288166,0.9476199342839243,0.4533473461237484,0.8508896129901783,1.876904365417669,3.8943282423373793,8.469617349584972,0.41923842707814835,2.2329656529298596,0.044393186127409265,0.0017421602787456446,0.07852882124219776,0.09874679657453185,0.2020564460472305,0.032565357838474134,0.02227448286036409,0.09757377455699001,0.17496196210101103,0.18744026657053298,0.31461518114945336,0.49018566287951204
AGAST+SIFT 0.125,0,0.35594434782608697,0.21444463446461332,130868,51167,22177,0.16946083076076657,0.4334238864893388,7.0,0.0,0.0,7.0,7.0,1,7.0,1.0,172500,192.84347826086957,168.82244809031187,0.5201902162180239,1.0028296502071579,0.4817630659997141,0.8747378406323056,1.81570133197555,4.048208882232479,8.719289961840682,0.25152184695856067,1.4479129050355166,0.047467677354280646,0.0007665599494972268,0.44611679789962205,0.24119578604427347,0.4735672179475818,0.4497941640178542,0.0762900580515534,0.30026679794461186,0.6696515304649492,0.4817066062468201,0.696345613728765,0.5145449347435835
BRISK+SIFT 0.125,0,0.4065958186864015,0.19414725239875202,132050,58417,24625,0.18648239303294206,0.42153825085163565,21.351437652375562,11.940122830828406,0.559218682377575,8.399999618530273,72.0,124418,20.972822516543005,0.9822674640463644,172243,214.1304347826087,151.79709120997992,0.6101719999720661,1.0045569258711915,0.472896687896422,0.8641393016843435,1.8273321082629679,4.0768951154865585,8.644699140284215,0.3524060913705584,1.9932660231767139,0.04738356683074593,0.0016649746192893401,0.48272629698569863,0.26822313332359904,0.5679871178482103,0.3624887302328034,0.06621842682021867,0.38427383802803283,0.610956686497942,0.45877903077134957,0.7019863205222415,0.4768614040099806
FAST+SIFT 0.125,0,0.3514086956521739,0.21460213928396704,130593,50515,22561,0.17275811107792913,0.4466198158962684,7.0,0.0,0.0,7.0,7.0,1,7.0,1.0,172500,196.18260869565216,171.84859780372884,0.5236271657968138,1.00420489337074,0.4802045825185595,0.8744207864932775,1.820933865118794,4.132403727611741,8.834864975477231,0.264527281592128,1.49201591267882,0.04982656038225632,0.0006205398696866273,0.44215417106506927,0.24435739429382913,0.46795774307207433,0.4531966240536478,0.07457639383041223,0.2958178722631478,0.6613282018436941,0.4691614188406696,0.6778362771150677,0.5301952486935957
GFTT+SIFT 0.125,0,0.2716730434782609,0.2263036303275599,131432,39053,15309,0.11647848317000425,0.39200573579494535,3.0,0.0,0.0,3.0,3.0,1,3.0,1.0,172500,133.12173913043478,169.92587375349427,0.4377762346938415,1.0506959520264527,0.4796419603246489,0.8741445772247434,1.8224939632743404,4.269774484143892,9.108375394606906,0.30243647527598144,1.7374865285515302,0.05297035729502709,0.0011104579005813573,0.3143987883513386,0.1715607802705568,0.29343106802930546,0.434251452446506,0.06467306842659942,0.2032648511034461,0.5145233223369887,0.35718133534771473,0.4977737659396384,0.4295847173238016
ORB+SIFT 0.125,0,0.4338643478260869,0.22058938213688162,132363,62368,34235,0.25864478744059893,0.5489193175987686,45.421932184664584,17.74757216560521,0.3907269310660714,31.0,111.0786361694336,36,43.941948340878234,0.9674169773806754,172500,297.69565217391306,181.99508707717044,0.612734622881538,1.0179682857841736,0.437961591225319,0.8168938217939343,1.8652179509816085,4.757537982668873,9.391039454069578,0.5611508689937199,2.9112410403114475,0.05790137727310502,0.004264641448809697,0.5553348826999219,0.3218914384118265,0.617761554545453,0.2401749706275148,0.07573373078350111,0.2723292061138116,0.5167711839075466,0.43119995449917176,0.7324527584045764,0.5321514164390333
SIFT+SIFT 0.125,0,0.26274782608695657,0.1805097826316039,128764,37770,11293,0.08770308471311858,0.29899391051098756,5.907024069153612,7.772628944441167,1.3158282162806336,1.7982441186904907,346.2698974609375,121392,7.54013118927677,1.2764686754284986,172322,98.2,107.85644243119204,0.5496003401475458,0.9649729193145993,0.4609054546367173,0.8319433997240527,1.805019644169291,3.7353452828430305,8.309393188661739,0.3553528734614363,1.9304971310086587,0.04235655928675717,0.001239706012574161,0.2689160597099521,0.13398693304193532,0.28003382322068404,0.30870237352193125,0.03198612213181585,0.14887603413962053,0.4619603965941085,0.2612458823741103,0.44224211895209364,0.5275540607668999
AGAST+SIFT 0.25,0,0.35594434782608697,0.21444463446461332,134248,51167,34047,0.2536127167630058,0.6654093458674536,7.0,0.0,0.0,7.0,7.0,1,7.0,1.0,172500,296.0608695652174,202.18864574651334,0.5365852698057998,1.0134506876813238,0.4932917360579874,0.9169929638000507,1.858926263650718,4.08488022167928,8.631395118384027,0.15742943577995125,1.044803279699886,0.046280019069185385,0.00023496930713425558,0.6591095710119163,0.3564563154213871,0.7043148624697644,0.6214106149973122,0.11217423278167996,0.6116772113936499,0.8826639003163615,0.7356981962820038,0.8940317422763279,0.5588001491277982
BRISK+SIFT 0.25,0,0.4065958186864015,0.19414725239875202,134426,58417,33254,0.24737773942540878,0.5692521012718901,21.409839621659764,11.958754544081959,0.5585634808765034,8.399999618530273,72.0,126902,21.15654358719291,0.988169176465451,172243,289.16521739130434,166.8884517032538,0.6066162422215381,1.013733781025819,0.47045135346656436,0.8872146285763117,1.8858796388591266,4.090838081918676,8.54807394738035,0.24851145726829854,1.5608611096232923,0.045690565813161145,0.0009021471101220905,0.6808337760353959,0.34720025011603134,0.7454211645789712,0.5065171143425974,0.09467602811607934,0.5940297953244793,0.817247371969958,0.6349098464084353,0.8585970029675549,0.5908682149152079
FAST+SIFT 0.25,0,0.3514086956521739,0.21460213928396704,133793,50515,34479,0.257704065235102,0.6825497377016728,7.0,0.0,0.0,7.0,7.0,1,7.0,1.0,172500,299.81739130434784,203.1964388000459,0.5379731259750138,1.0166761503218755,0.49247553014910456,0.9167721405625584,1.861558766757389,4.14342304903844,8.701739812396616,0.16241770352968474,1.1079454711997332,0.04730441801887991,0.00026102845210127906,0.6590228354965102,0.3617044278343393,0.7024469600691837,0.6237595596913293,0.10944211162408836,0.6134723907389144,0.8751496211887063,0.7309508799573748,0.8910437767140451,0.575126833248478
GFTT+SIFT 0.25,0,0.2716730434782609,0.2263036303275599,132106,39053,20274,0.15346766990144278,0.5191406550072978,3.0,0.0,0.0,3.0,3.0,1,3.0,1.0,172500,176.29565217391306,190.06602852295228,0.4741271629818582,1.0365984789275298,0.48130725907940675,0.8875763124761431,1.844095005285822,4.155140568937066,8.807234135919863,0.23907467692611226,1.329249288788248,0.049066658592342514,0.00019729703067968826,0.4028228217331146,0.2231155060753356,0.41976068977079334,0.5025781462401384,0.07995826867866063,0.3697146606241901,0.6498713289758498,0.49155393829582505,0.6849628011674453,0.46315533598641123
ORB+SIFT 0.25,0,0.4338643478260869,0.22058938213688162,131469,62368,40454,0.30770752040404964,0.6486339148281169,45.30452273848418,17.654836080187103,0.3896925740085129,31.0,111.0786361694336,36,44.63362816891562,0.9851914438335168,172500,351.7739130434783,193.06854204703143,0.6240864808267909,1.0222243117946632,0.4122233438033615,0.7964276776663293,1.9320295408749113,5.239356806547551,9.776630387333558,0.5199980224452464,2.446366002841894,0.06383253846914481,0.0022000296633213033,0.716632299737546,0.36652868346441925,0.7073177749972269,0.498811328304533,0.09492497074629129,0.3919481963596408,0.7395039352408114,0.5631150972505978,0.8198106620282675,0.5842990704777303
SIFT+SIFT 0.25,0,0.26274782608695657,0.1805097826316039,127612,37770,16227,0.12715888787888285,0.429626687847498,5.892780111104543,7.899547583805225,1.3405468106503864,1.7982441186904907,346.2698974609375,117967,7.571895368932142,1.2849444958354073,172322,141.10434782608695,124.31743198015266,0.5581531946803308,0.9604611636340324,0.4687917736999734,0.8424137062749504,1.7969890973686218,3.641702974641883,8.330669901400071,0.24070992789794787,1.4065186218944232,0.04202582829201015,0.0006778825414432736,0.3596574291559697,0.1726161735615521,0.37202281737721765,0.3365065366506131,0.044214370371167,0.17628452829863775,0.5917532894793702,0.364998266155313,0.6342869620930716,0.4602023989797043
AGAST+SIFT 0.5,0,0.35594434782608697,0.21444463446461332,134922,51167,41779,0.30965298468744906,0.8165223679324565,7.0,0.0,0.0,7.0,7.0,1,7.0,1.0,172500,363.295652173913,213.51721135850806,0.534528116151695,1.0268829434636904,0.5176645704322336,0.9443365282421968,1.824224762868561,3.890032759668549,8.503606947068729,0.09835084611886355,0.8489792978820555,0.04475919420109396,0.0001436128198377175,0.8008769573236818,0.4281307381496466,0.8180195699731302,0.7943136885780657,0.14286535718524113,0.7899338619996622,0.9621203088519052,0.8867795940228695,0.960447610302218,0.6501737362120318
BRISK+SIFT 0.5,0,0.4065958186864015,0.19414725239875202,133780,58417,38953,0.2911720735535955,0.666809319205026,21.30717434550565,11.91891287599082,0.5593849603293312,8.399999618530273,72.0,126540,21.97575709217091,1.0313782923922188,172243,338.7217391304348,174.77182878286152,0.6139866671897697,1.017112849936408,0.44899502808242026,0.8836665347489647,1.9680987081815826,4.47380026909852,8.961865509626977,0.2098169588991862,1.3204516986600687,0.051779040215278814,0.0005391112366184889,0.8157598484125458,0.39721184431712103,0.815398478002361,0.7287132554436203,0.11885705813818796,0.6907701168914893,0.9535425695496802,0.7577717769648357,0.9328334569915654,0.6600799596614916
FAST+SIFT 0.5,0,0.3514086956521739,0.21460213928396704,134434,50515,41449,0.3083222994183019,0.8205285558744927,7.0,0.0,0.0,7.0,7.0,1,7.0,1.0,172500,360.4260869565217,212.4313520162942,0.5283699485243676,1.0287910823761002,0.5047336974789529,0.94113472143383,1.8646163831236466,4.097936533912552,8.71335404422375,0.10198074742454583,0.8409976650159858,0.047934302334230926,9.650413761490024e-05,0.8021662834956288,0.42517064669254717,0.8155223596413483,0.7949242726445773,0.14100588642943337,0.7724596302965816,0.9607114486692446,0.8925923571360882,0.9654619411386195,0.6158394138524985
GFTT+SIFT 0.5,0,0.2716730434782609,0.2263036303275599,133837,39053,28746,0.21478365474420377,0.736076613832484,3.0,0.0,0.0,3.0,3.0,1,3.0,1.0,172500,249.96521739130435,218.41193351832587,0.49601403366971675,1.0518493857008082,0.4946162020880477,0.9277061344711313,1.8756080584395987,4.049209112577239,8.559748219107645,0.1269394002643846,0.9408477011351022,0.045241599856541914,0.00017393724344256592,0.5706887493278091,0.30825599137864323,0.5989335054222187,0.6347787367872662,0.11080245028250306,0.6212632995539219,0.8536726513985401,0.7419055020473628,0.878087666312698,0.5481708598309221
ORB+SIFT 0.5,0,0.4338643478260869,0.22058938213688162,129510,62368,43815,0.3383136437340746,0.7025237301180093,45.10339510396828,17.571603042169325,0.3895849303952585,31.0,111.0786361694336,36,45.579407998833446,1.0105538151566618,172500,381.0,197.8475038574121,0.6330811774899798,1.0185379224843885,0.3814020984557875,0.7563643750033068,1.9831153999038242,6.096811057061231,10.609123577038002,0.5881090950587698,2.5905295653454785,0.07922940313489306,0.00280725778842862,0.8028751461325448,0.3918339826063036,0.7594991410065323,0.7352760449051765,0.10593655845187559,0.52720666862108,0.8919710611848889,0.6603267888225284,0.8790659887623483,0.5399658864033939
SIFT+SIFT 0.5,0,0.26274782608695657,0.1805097826316039,128114,37770,26114,0.20383408526780836,0.6913952872650252,5.895887186838614,8.114407115945665,1.3762826286872403,1.797132134437561,346.2698974609375,117040,7.377476561660194,1.25129201558146,172322,227.0782608695652,158.71221688414465,0.5317770420677377,0.9787803342738247,0.45914742097007943,0.9084275315237632,1.978509493975708,4.115849946141718,8.660238965768588,0.12499042659110056,0.938118078864418,0.04664595594548605,0.00019146817798881827,0.5628265220916981,0.2698958549971567,0.6558499709105594,0.47257074745952965,0.07182385914128847,0.514979571312937,0.8438095523573206,0.6577738278399661,0.8972365352306741,0.41969340300078234
AGAST+SIFT 1,0,0.35594434782608697,0.21444463446461332,131513,51167,44128,0.3355409731357356,0.8624308636425821,7.0,0.0,0.0,7.0,7.0,1,7.0,1.0,172500,383.7217391304348,213.32867264127546,0.5310551462194036,1.0344762734511164,0.5008708829792501,0.9423244752377273,1.8813720406996899,4.664998897447401,9.533976942654094,0.1024746192893401,1.0967167215556923,0.05978116231855406,0.00047588832487309646,0.8333114044925185,0.4542750559509356,0.8350704875893821,0.8269988600357342,0.15691707708697356,0.7981092752411074,0.9685007643721605,0.9118848223803947,0.9786325843532798,0.5833328284084321
BRISK+SIFT 1,0,0.4065958186864015,0.19414725239875202,131550,58417,39735,0.30205245153933863,0.6801958334046596,21.145753281142767,11.845614037658112,0.560188794419621,8.399999618530273,72.0,124582,22.363206592565575,1.0575743647074753,172243,345.5217391304348,173.86718308380443,0.6168025254391516,1.018553638834193,0.41633072831501017,0.8609724506317907,2.0680012117201914,5.358175598631699,9.959089819240411,0.23661759154397885,1.4595189552830723,0.06755606233371342,0.0007550018875047187,0.8178775792346995,0.40585357502178343,0.8176418094819287,0.7576372848006057,0.1264122045096366,0.7189424129842865,0.9649976396686657,0.7972037254298195,0.9600537190527587,0.5893547125755624
FAST+SIFT 1,0,0.3514086956521739,0.21460213928396704,130824,50515,43474,0.332309056442243,0.860615658715233,7.0,0.0,0.0,7.0,7.0,1,7.0,1.0,172500,378.03478260869565,211.43262594005984,0.5249038149538919,1.0351585468523614,0.47431093850804507,0.9261464369969384,1.952614544185195,4.970502354308078,9.784372312225878,0.10357915075677417,1.0195740703848848,0.0640020179783526,0.00039103832175553207,0.8341564947906143,0.4489711750528214,0.8241544696535392,0.8319788916378339,0.15488438554470502,0.7508009285750287,0.9685870295902869,0.9171512354369681,0.977659935890507,0.5089973075499861
GFTT+SIFT 1,0,0.2716730434782609,0.2263036303275599,134128,39053,32797,0.24452015984731004,0.8398074411696924,3.0,0.0,0.0,3.0,3.0,1,3.0,1.0,172500,285.1913043478261,226.19083499874415,0.4698205427313733,1.0641566281813544,0.5062213012777215,0.9564523974400481,1.8893957939460992,4.018102111415961,8.58475683887753,0.06250571698630972,0.6724822052484579,0.04585917929142312,0.00012196237460743361,0.6824137431254915,0.34964471644663087,0.677554859169797,0.7782865260049736,0.12981565121451466,0.7200107256995294,0.9471642444369521,0.8832477211883141,0.9564027408675579,0.5732842191180754
ORB+SIFT 1,0,0.4338643478260869,0.22058938213688162,127106,62368,43249,0.34025931112614666,0.6934485633658286,44.730321702583055,17.40984533452268,0.38921797724332724,31.0,111.0786361694336,36,46.28269669282433,1.0347052051304972,172500,376.0782608695652,199.13932845147858,0.6390740813156934,1.0094699685684654,0.3559808622542307,0.7137534662546581,2.0050332530093065,6.621489150787531,11.142165353303364,0.6794607967814285,2.8697005954773354,0.09090837568643495,0.003699507503063655,0.7901295387391518,0.3878825975572575,0.7435917716823099,0.7064864688805672,0.10351477344765758,0.557431114998389,0.9225232960503867,0.7159070908024606,0.9172522972084769,0.4946625922862137
SIFT+SIFT 1,0,0.26274782608695657,0.1805097826316039,131735,37770,31056,0.235746005237788,0.8222398729150119,5.9015311042421,8.218057613883833,1.392529746725656,1.7977952361106873,346.2698974609375,121261,7.290045342155258,1.2352803388454694,172322,270.0521739130435,166.78936695741942,0.48236127677989304,0.9951379674239833,0.48595465478898187,0.9600757190096887,1.9756487761735433,4.1060690021634345,8.619329273134092,0.05525502318392581,0.5795541370893443,0.045811667362508066,3.219989696032973e-05,0.7293316709797921,0.32142003020453636,0.7781743548124279,0.7165528805331078,0.09167546235149182,0.7698092432243953,0.970106514077266,0.8076411361545448,0.9653427678625529,0.5692029412117715
AGAST+SIFT 2,0,0.35594434782608697,0.21444463446461332,126979,51167,42626,0.33569330361713356,0.8330760060195047,7.0,0.0,0.0,7.0,7.0,1,7.0,1.0,172500,370.6608695652174,212.00840372829038,0.5350099050015442,1.0361610102134229,0.46300182044319765,0.892723332336713,1.9281205665286034,5.461887398703722,10.513397326971686,0.12262468915685262,1.2969113660518157,0.07628032981831641,0.0007507155257354667,0.7871266713224974,0.4475046104193923,0.768782002694383,0.7805677231586403,0.15714702784775902,0.6576030929717945,0.9717993659610824,0.9179194400550478,0.9769942952880623,0.40867907485411015
BRISK+SIFT 2,0,0.4065958186864015,0.19414725239875202,130055,58417,37193,0.2859790088808581,0.6366811031035486,21.068785720366304,11.877012165284011,0.563725519017596,8.399999618530273,72.0,123254,22.47599400742711,1.0667911433405732,172243,323.4173913043478,169.0686499419532,0.6192198453091536,1.0177484672878971,0.3920102359440268,0.8201610820625465,2.0921930267648756,5.702587366883241,10.328930358360486,0.31228994703304386,1.7908233944811647,0.07410710853100612,0.0013981125480601187,0.7642362959529394,0.3845636984656711,0.7578725471844391,0.6940463539999516,0.11863405635827341,0.6608930973288238,0.9617396811149177,0.8021607577868279,0.9682575192507261,0.5559651964192703
FAST+SIFT 2,0,0.3514086956521739,0.21460213928396704,125861,50515,41219,0.3274962061321617,0.8159754528357913,7.0,0.0,0.0,7.0,7.0,1,7.0,1.0,172500,358.4260869565217,209.90494995383716,0.5243532304641668,1.03679326200368,0.42156140917692164,0.8462504667063029,2.007419199870705,5.853139574610085,10.83861429331625,0.14350178315825227,1.3696302482689315,0.08238453532071094,0.0008976442902544943,0.7859852087138273,0.43734998945920317,0.755564422441178,0.7885586521837264,0.1541151643218608,0.5918214026841478,0.968132936289447,0.9142899058851849,0.9731574912422767,0.3687873406492465
GFTT+SIFT 2,0,0.2716730434782609,0.2263036303275599,130373,39053,33536,0.25723117516663724,0.8587304432437969,3.0,0.0,0.0,3.0,3.0,1,3.0,1.0,172500,291.61739130434785,225.243427066525,0.45983976739590116,1.0716127391028472,0.4728682551967321,0.9395034576156027,1.9868186271559543,4.932869535870157,9.797694550984966,0.06998449427480916,0.8389298349023854,0.06401632239804254,0.00026836832061068704,0.6971581595082917,0.36234940338836447,0.6606857906306128,0.7844078160688159,0.13352128949404882,0.6392088397122929,0.9675633977276665,0.915934982327734,0.9693555038301491,0.44761963763315404
ORB+SIFT 2,0,0.4338643478260869,0.22058938213688162,126273,62368,39857,0.3156415068937936,0.639061698306824,44.625596527215976,17.222160395677633,0.3859256062868379,31.0,111.0786361694336,36,46.70054097535347,1.0464967330323987,172500,346.5826086956522,194.73978100593158,0.6367668671307722,0.9928055769191005,0.33643551638283864,0.6630126545962101,1.970697569996596,6.460898212602853,10.993461060119122,0.8197807160599142,3.2362639792403924,0.08733458459053005,0.004516145219158492,0.7325298679246491,0.36047814422498314,0.6546157054427663,0.6650964090305426,0.09353783890545994,0.4645119723230035,0.9086956337549096,0.7139749829846515,0.8982538404367704,0.4703507999866813
SIFT+SIFT 2,0,0.26274782608695657,0.1805097826316039,133740,37770,32538,0.24329295648272767,0.8614773629864972,5.879965059702771,8.140447868060154,1.3844381361802938,1.8005746006965637,346.2698974609375,123752,7.164362649359182,1.2184362622252276,172322,282.9391304347826,166.96311943485537,0.4822946056404615,1.0042246056795439,0.46580024669810405,0.9668288041302021,2.075629652375058,4.551600119635113,9.18502827086457,0.0433339479992624,0.5496130192005112,0.05430686406460296,6.146659290675518e-05,0.7839383260905914,0.3374234685973707,0.8078224256581129,0.7777611774669825,0.10250780297755958,0.8194169775566214,0.990263652309976,0.8145551250384933,0.9872991859210964,0.6681773148186577
AGAST+SIFT 4,0,0.35594434782608697,0.21444463446461332,123418,51167,36636,0.29684486865773224,0.7160083647663533,7.0,0.0,0.0,7.0,7.0,1,7.0,1.0,172500,318.5739130434783,199.15024089843698,0.5211325753198658,1.0328684077971144,0.37814776818254375,0.7616003416606013,2.0140283924483007,5.953167285160998,11.08226151724667,0.14196418823015614,1.0972307828305254,0.08647847153575654,0.00027295556283437055,0.6960415272729292,0.3895319267065888,0.6676442395715475,0.7024496195810216,0.14543360788595167,0.45157157551179944,0.9699104514564522,0.9239485044323131,0.9764882338016334,0.3380607585657926
BRISK+SIFT 4,0,0.4065958186864015,0.19414725239875202,129953,58417,32730,0.25186028795025894,0.5602821096598593,21.148077677993527,12.137734924565718,0.5739403414995076,8.399999618530273,72.0,123095,22.487219823320963,1.0633221688381131,172243,284.60869565217394,162.9745083108651,0.6134389606549755,1.0148470731595798,0.3776143230548235,0.7759465404966205,2.0548652239125094,5.363585296222481,9.945527364879368,0.382004277421326,1.9536549100256142,0.06743976668487837,0.001405438435685915,0.6843781048021843,0.34474256182958557,0.6491449170847918,0.6217318499884092,0.1061059489887014,0.5367128581840916,0.9430412975955877,0.7732088785872651,0.9428607933731363,0.5136959597032201
FAST+SIFT 4,0,0.3514086956521739,0.21460213928396704,122026,50515,34729,0.2846032812679265,0.6874987627437394,7.0,0.0,0.0,7.0,7.0,1,7.0,1.0,172500,301.9913043478261,191.13334728959455,0.5092493734352014,1.0311476735636511,0.33361136914700595,0.6940101214689081,2.080295174721975,6.349802501106321,11.344401955348724,0.18644360620806819,1.2588799178326435,0.09193122777113075,0.0005470932074059144,0.6863821871819663,0.3724918463943839,0.6497392312294,0.7076746746000414,0.138091982222802,0.3943818142613949,0.9709082003129023,0.9199699180925596,0.9785583463754471,0.3067141555014777
GFTT+SIFT 4,0,0.2716730434782609,0.2263036303275599,124976,39053,31633,0.2531125976187428,0.8100017924359204,3.0,0.0,0.0,3.0,3.0,1,3.0,1.0,172500,275.0695652173913,219.90040123889804,0.4621759813190425,1.0720298198311347,0.4147455186613083,0.8608896290597194,2.0757056805301946,5.941244718986045,10.923486367008424,0.09300414124490247,1.0354934870938828,0.08392011266163103,0.0004425757911042266,0.6484624677375452,0.3467234506597034,0.6069000879411877,0.7281526475578597,0.12999790513474252,0.4950869471744556,0.9655383580425129,0.9079969689000058,0.9729774318368714,0.32212003368073366
ORB+SIFT 4,0,0.4338643478260869,0.22058938213688162,126538,62368,35030,0.2768338364759993,0.5616662390969728,44.92598407724379,17.500911825792656,0.38954988266261115,31.0,111.0786361694336,36,46.95968673928206,1.0452678489700218,172500,304.60869565217394,188.1984473277066,0.6180122395885805,0.9872439538952562,0.3336738409187352,0.6230935549530312,1.867373100742359,5.792046657920941,10.3738986997128,0.98541250356837,3.5303890371892295,0.07487078980227284,0.005338281473023123,0.6214800179034476,0.323345858133029,0.5255434186574275,0.6442856726884827,0.08131358583213255,0.3045562189854823,0.8770230137125855,0.6445107419287026,0.8308187042450845,0.48707812672067263
SIFT+SIFT 4,0,0.26274782608695657,0.1805097826316039,132194,37770,32024,0.24225002647623947,0.8478686788456447,5.886296421532473,8.393395770015784,1.4259213551176546,1.7969861030578613,346.2698974609375,122892,7.118152072395857,1.2092751643218598,172322,278.4695652173913,166.61344597022125,0.4943374769422033,1.0064896845725835,0.44175253026174227,0.9545679999269734,2.160865947641281,5.111109430080034,9.721634359888942,0.0656382712965276,0.8003252436868697,0.06270329969590148,0.00021858606045465902,0.7775257553772762,0.3379548044572714,0.7841103928176373,0.7735070986286137,0.10337007975214921,0.7797917460430042,0.9868045455008911,0.8015046556834496,0.9871183547160951,0.6219695115607603
AGAST+SIFT 8,0,0.35594434782608697,0.21444463446461332,120952,51167,27224,0.22508102387724055,0.5320616803799324,7.0,0.0,0.0,7.0,7.0,1,7.0,1.0,172500,236.73043478260868,172.242918538811,0.5071455707222817,1.028718577200822,0.26377377191503737,0.55582591307714,2.1072069032556198,6.239342879820094,11.303973445382514,0.2668601234205113,1.5072586300461475,0.09088729413320987,0.0009183073758448428,0.538323489009661,0.30154444746723463,0.5185235008923241,0.588099899334356,0.11311349109071721,0.2608886830984693,0.9567423203641858,0.8952881338697805,0.9651600214106788,0.33107792910030787
BRISK+SIFT 8,0,0.4065958186864015,0.19414725239875202,130195,58417,27728,0.21297284841967817,0.47465635003509254,21.160891238588025,12.488475899040207,0.5901677655365857,8.399999618530273,72.0,122990,22.585716793888647,1.0673329652912906,172243,241.11304347826086,156.99757767266686,0.5894570661238937,1.0072093173307497,0.37906175990980556,0.7429408929411664,1.9599468253351187,4.761434770920542,9.379133294557562,0.4063401615695326,1.8643476537280266,0.05726026345097738,0.001154068090017311,0.5795159351206856,0.29579436623916955,0.5197845692042329,0.5754458903815949,0.09157476744406291,0.36537613243382105,0.9067633842890543,0.7086763118651859,0.8888915355379648,0.4873004981095765
FAST+SIFT 8,0,0.3514086956521739,0.21460213928396704,119399,50515,25702,0.21526143435037146,0.5087993665247946,7.0,0.0,0.0,7.0,7.0,1,7.0,1.0,172500,223.49565217391304,164.54931196469016,0.4994169414817278,1.0212423483666717,0.23304376887738634,0.5016092143807958,2.1524249148438397,6.691823214599787,11.595242041256839,0.3436308458485721,1.5253805903547206,0.0985016624929857,0.0008559645163800483,0.5248305292854054,0.2849014272996695,0.4949055445794014,0.5900636718746306,0.10686844654575064,0.22545372813243503,0.9540844983074572,0.8964052203211278,0.9583786063471433,0.31285946393710146
GFTT+SIFT 8,0,0.2716730434782609,0.2263036303275599,120312,39053,26199,0.21775882704967087,0.6708575525567818,3.0,0.0,0.0,3.0,3.0,1,3.0,1.0,172500,227.81739130434784,191.53397167666677,0.4523977472447117,1.0599340362673344,0.3268314917736811,0.7108807109428026,2.1750679748910535,6.530354411862491,11.548074673851463,0.14038703767319363,1.100708793766573,0.09659053128532483,0.0004198633535631131,0.567340895890166,0.29246427332629726,0.5343047301313506,0.6505620273191595,0.10880165639426198,0.3412716504100595,0.967966428165736,0.9076833207282738,0.9737213482128375,0.2459295339885173
ORB+SIFT 8,0,0.4338643478260869,0.22058938213688162,125872,62368,30845,0.24505052752002035,0.4945645202668035,45.1143654704897,17.557867286177753,0.389185730599774,31.0,111.0786361694336,36,46.957160808967025,1.0408471962147563,172500,268.2173913043478,187.8914016871909,0.5737250740094514,0.9907872140722352,0.32987742327005476,0.5967413167264723,1.8089789559134182,5.561498983093936,10.219558814334118,1.0656508348192575,3.710726946878538,0.07186665819244947,0.00648403306856865,0.5363399017180236,0.2908460467422342,0.4399491111273336,0.6042709278642254,0.07235674906728061,0.18812321641372737,0.7454683533468885,0.5300036789244478,0.7063249372805033,0.5163689319580363
SIFT+SIFT 8,0,0.26274782608695657,0.1805097826316039,131382,37770,29726,0.2262562603705226,0.7870267407995764,5.839818002246576,8.541481084709659,1.4626279588548399,1.8010804653167725,346.2698974609375,122990,7.052152257166792,1.207597951589216,172322,258.4869565217391,162.66387671019467,0.5023209199198696,1.0069220517478896,0.4241175627198922,0.9246656578456036,2.1802107225073764,5.255111050219969,9.93879537729309,0.08685998788938976,0.9157052091789103,0.06659968641061942,0.00023548408800376774,0.7443582594635118,0.3199615438168362,0.7194758864123519,0.7328316712176073,0.09728267785126066,0.681042900018833,0.9809169625197114,0.8072326910885259,0.9724529245719564,0.5375063539684807
BRISK+SIFT 16,0,0.4065958186864015,0.19414725239875202,129784,58417,23181,0.1786121555815817,0.39681941900474177,21.198211923091897,12.472117810363997,0.5883570678325806,8.399999618530273,72.0,122666,22.79178293407192,1.0751747843998152,172243,201.57391304347826,152.717930433831,0.5431771586763028,1.0002076513764737,0.370977001921618,0.7107833415774982,1.9159768338622682,4.632890032669667,9.249942751107948,0.4903153444631379,2.1359177602634563,0.05509153670714418,0.001682412320434839,0.4682537141728259,0.25132206504954596,0.4064371162453557,0.517859920257042,0.0751210581707904,0.24632734280350163,0.7747611494355624,0.6196197139290411,0.7964751812776644,0.46539785491583235
FAST+SIFT 16,0,0.3514086956521739,0.21460213928396704,118036,50515,15596,0.13212918092785253,0.30873997822428983,7.0,0.0,0.0,7.0,7.0,1,7.0,1.0,172500,135.61739130434782,132.02935000506488,0.4484651626700494,0.99596279964647,0.1635983930261126,0.3677613915406818,2.2479523468300937,6.487402148497068,11.043359788118424,0.5655296229802513,2.022856518596044,0.08699040970551357,0.001538856116953065,0.3278377085410402,0.17769430422314236,0.31201466270326866,0.4971247998133339,0.06527704520009794,0.0995986411756375,0.9417009255342553,0.8733135869254546,0.934979278469983,0.2878004651279245
GFTT+SIFT 16,0,0.2716730434782609,0.2263036303275599,117217,39053,19324,0.16485663342347953,0.4948147389445113,3.0,0.0,0.0,3.0,3.0,1,3.0,1.0,172500,168.03478260869565,154.9276931168794,0.4521545847458433,1.035237220352587,0.23164816732270588,0.5332868929275182,2.3021416447668397,6.976232116501873,11.849900505142024,0.27106189194783686,1.4159355983994477,0.1037904058285061,0.000724487683709377,0.4327786343451194,0.2205088018021866,0.4254019199022943,0.5394291363785874,0.08542052678739885,0.20298674575063333,0.9533816352528378,0.8880312599277045,0.9652891896980914,0.25268872078619764
ORB+SIFT 16,0,0.4338643478260869,0.22058938213688162,125855,62368,27591,0.21922847721584363,0.4423903283735249,45.10314553785057,17.180987942142583,0.380926601399104,31.0,111.0786361694336,36,46.5256149589525,1.0315381422767553,172500,239.9217391304348,176.83011487699204,0.556462538631918,0.9989813070927313,0.28302873980937154,0.5296011485441119,1.8711921231067006,5.9444837312780585,10.549797015012517,1.2724801565727955,4.360305984964303,0.07739859361964165,0.009350875285419159,0.4861404821240776,0.2626650226952757,0.3935638334903418,0.5225797498813608,0.06524834839092035,0.1449533245641539,0.6310266883166277,0.44616673904001025,0.6027620439837161,0.4925912812048973
SIFT+SIFT 16,0,0.26274782608695657,0.1805097826316039,131107,37770,26332,0.2008435857734522,0.6971670638072545,5.755006470306316,8.477886395643303,1.4731323829757672,1.799107849597931,346.2698974609375,123643,7.08203347486809,1.2305865356379244,172322,228.97391304347826,157.9385384514063,0.501795583518165,0.998635258807088,0.41183231374805684,0.8872970184252265,2.1545104373913713,5.043544585720061,9.73887696373594,0.111195503569801,0.9051228022549856,0.06336808866040715,0.00022785963846270698,0.6646784044865599,0.28259939372812704,0.6241467679973248,0.6653027544382584,0.08444642826260579,0.5405365555845687,0.9529862059208182,0.7917181276149441,0.9507326838393533,0.45354181823385326
BRISK+SIFT 32,0,0.4065958186864015,0.19414725239875202,129550,58417,20281,0.15654959475106137,0.34717633565571665,21.203301372774686,12.106493814074595,0.5709721142585602,8.399999618530273,72.0,122730,22.667273385127054,1.0690445316328017,172243,176.35652173913044,144.04638089438853,0.5171655829493279,0.9990140099888005,0.32718708426382903,0.6453915864033285,1.972546036942319,4.959675800849093,9.645022331786139,0.6156994231053695,2.673114884073746,0.0614357390968738,0.003057048469010404,0.4121427989074189,0.22750662846218755,0.3458869395628105,0.4620200175632996,0.06641536616221774,0.1850122010022383,0.6805680028207569,0.5417525683019332,0.6924437610745305,0.45315571808996946
