combination,speed,repeatability mean,repeatability std,total num matches,number possible correct matches,total correct matches,ratio correct/total matches,ratio correct/possible correct matches,size mean,size std,size normalized std,size min,size max,size correct: avg,size correct/all ratio,total num keypoints,correct matches per sequence: avg,distance correct/all ratio,response correct/all ratio,distinctiveness correct/all ratio,match rank: avg,match rank correct: avg,ratio rank >25 / all,ratio rank >25 correct / rank >25,Matching distance mAP,Matching average_response mAP,Matching distinctiveness mAP,distance-distinctiveness correlation,distance-average response correlation
AKAZE+AKAZE 0.125,0,0.5472319019897662,0.20123384985622564,125361,147902,27797,0.2217356275077576,0.18794201565901747,1.2754791327425106,0.5879161946908772,0.460937525043433,0.6000000238418579,8.072606086730957,1.3485402204893722,1.057281288161702,327462,241.71304347826086,0.6855776131639085,1.0607323403291669,2.6186668777948316,2.9072917414506905,0.2293053207180631,0.032378490918228156,0.0007914523149980214,0.2433165030013161,0.32048375535969476,0.7568344693490822,0.5046365955450578,0.04902585461975184
AKAZE+BRISK 0.125,0,0.5472319019897662,0.20123384985622564,249340,147902,64145,0.2572591641934708,0.43369934145582884,1.1425399524571567,0.6001892532235134,0.5253113923348947,0.6000000238418579,8.072606086730957,1.0402292636858999,0.9104532943892014,327462,557.7826086956521,0.6339245380808157,0.9802768554882195,2.301603446838325,4.170855057351408,0.3983630836386312,0.043182000481270556,0.0020734273910671137,0.6845947172348225,0.3179642469447363,0.7216674691726312,0.6159738489824098,0.007409467726501304
AKAZE+SIFT 0.125,0,0.5472319019897662,0.20123384985622564,245351,147902,41542,0.1693166117113849,0.2808751741017701,1.148270838926082,0.5640835917496,0.4912461177514166,0.6000000238418579,8.072606086730957,1.18962236893957,1.0360120004895028,327462,361.23478260869564,0.681591678826403,0.9692447301082114,1.7352642205745044,3.5439839250706133,0.5060661499205623,0.03712640258242273,0.0022627702084637236,0.3992562745499285,0.22085150522592464,0.4856540941800321,0.4727031090276538,-0.01286698355936804
AKAZE+FREAK 0.125,0,0.5472319019897662,0.20123384985622564,243566,147902,68187,0.2799528669847187,0.46102824843477436,1.139759968214568,0.610734100488057,0.5358444914017912,0.6000000238418579,8.072606086730957,1.084702295625334,0.9516936248642933,327462,592.9304347826087,0.6518390687963326,0.9820823281910175,2.203643500278681,4.191541512362153,0.4705295730857788,0.045613919841028715,0.002581137166908648,0.6634048972598868,0.3409297341112759,0.6874534683942981,0.4598036525177718,0.057171970751420456
BRISK+BRISK 0.125,0,0.5050085818226606,0.1924940164779581,257237,142085,62906,0.244544913834324,0.4427349825808495,2.646312566267126,1.468023393304598,0.5547430080700496,1.0499999523162842,9.0,2.591150681867253,0.9791551893366535,338095,547.008695652174,0.621111721923108,0.9994118881066676,2.3278057087160775,4.317065585432888,0.41011986138047246,0.04732600675641529,0.002002988586144406,0.6790955098928264,0.33436517899687285,0.692130478909038,0.6237271217778565,0.06339094750552146
GFTT+BRISK 0.125,0,0.5174713043478261,0.20061765181568098,271677,148773,64699,0.23814676987746478,0.43488401793336157,0.375,0.0,0.0,0.375,0.375,0.375,1.0,343603,562.6,0.6189339396878994,1.0202553204148002,2.3221933048847787,3.798713177780968,0.2704060340963539,0.038965389046551606,0.0013910570487951901,0.7029852764078814,0.32184702333914555,0.7402166725762952,0.7476887267180593,0.010286304396779073
GFTT+SIFT 0.125,0,0.5163373913043477,0.20076435915330734,257360,148447,33110,0.12865247124650295,0.22304256738095077,0.375,0.0,0.0,0.375,0.375,0.375,1.0,343877,287.9130434782609,0.5324798704070457,1.03052393037036,1.751525126240504,3.8832141746969224,0.5295379039565086,0.04516241840223811,0.0038054968287526427,0.31513681554049416,0.17721692222755797,0.31388875739052774,0.4484221561891931,0.07339297459131973
GFTT+FREAK 0.125,0,0.518608695652174,0.19993010498898703,264695,149100,68688,0.2594986682785848,0.4606841046277666,0.375,0.0,0.0,0.375,0.375,0.375,1.0,343355,597.2869565217392,0.6284673023921572,1.023017724637978,2.2031749138532604,4.00402727667693,0.3394479385045423,0.04354067889457678,0.0016014442115071046,0.6684623710349044,0.34085390042354186,0.719363374935284,0.6591523141522462,0.021834614983652183
ORB+BRISK 0.125,0,0.48011096034400375,0.20941075901716377,261111,137897,71461,0.27368054199172,0.5182201208148111,6.751699939035564,2.4221283830492464,0.358743487554222,3.875,13.8848295211792,6.935140691945425,1.0271695653785324,344299,621.4,0.6377073839822244,0.9547816479882516,2.191268859085151,4.596876424202733,0.6352975749009949,0.05049576616841114,0.002658792908019759,0.7243604066642612,0.3086500680975576,0.6828813570859679,0.6129270744584073,-0.02962170316562851
ORB+SIFT 0.125,0,0.48011096034400375,0.20941075901716377,263892,137897,59341,0.22486850681339335,0.4303284335409762,6.706349161875451,2.825625411668926,0.42133586299564685,3.875,13.8848295211792,5.724034684872061,0.8535247042328642,344299,516.008695652174,0.6562973468063458,1.0788205245108933,1.894145276868758,4.266946326527519,0.4966212231003859,0.05081245357949464,0.0029153536340809894,0.3218106405543665,0.3040021983061664,0.5567908347104936,0.4769787123146216,-0.07709569995128933
ORB+FREAK 0.125,0,0.48011096034400375,0.20941075901716377,254512,137897,73538,0.2889372603256428,0.5332820873550549,6.756819102667006,2.4170785308938685,0.35772432178032054,3.875,13.8848295211792,6.919092887469627,1.0240162985477248,344299,639.4608695652174,0.633828677989915,0.9642578588128109,2.1181075929216333,4.599488432765449,0.6665805433925317,0.052496542402715785,0.0038891457477766597,0.6877461501659582,0.32677934797696884,0.6783383341542878,0.5253476020201063,-0.07653394485258175
SIFT+BRISK 0.125,0,0.45362610320854996,0.17547456398498182,260060,129203,53121,0.20426440052295625,0.4111437040935582,0.7029599772960906,0.9063484337579417,1.2893314883219629,0.22478817403316498,54.94988441467285,0.6111236407378628,0.8693576597184483,340204,461.9217391304348,0.5683088103118125,0.9904209454821986,2.507143511607107,4.723359993847573,0.35004988610907173,0.0499653926017073,0.001844844788313473,0.6885429195658617,0.2757458149559164,0.6596454733226558,0.5470964899135964,0.01613118239196625
SIFT+SIFT 0.125,0,0.45168919601198193,0.17528948241755726,251748,128747,22885,0.09090439645995202,0.17775171460305872,0.7114639476155988,0.8981149695718706,1.2623478288419452,0.2246948629617691,43.28373718261719,0.7995289188413113,1.1237799491047347,340725,199.0,0.6012673112235415,0.9658953152404602,1.7666587545526673,3.5025740025740024,0.51771902993227,0.037044981489425935,0.0022722307188114484,0.236291803237335,0.1294380464806368,0.2670268661716146,0.5006251035412526,-0.07794182877079947
SIFT+FREAK 0.125,0,0.45551031899579286,0.1762862777050832,253151,129592,55498,0.21922883970436616,0.4282517439348108,0.7096114904544883,0.9340386194378768,1.3162676084059017,0.22507882863283157,54.94988441467285,0.6541340299696563,0.9218199518594321,339647,482.5913043478261,0.598680558555058,0.9935101543833941,2.411752883363023,5.001169262614013,0.4550254063209485,0.056168057799495165,0.0024685574254928104,0.6102460418190221,0.286931857078507,0.638908815263395,0.43007912140949217,0.029744536115392798
SIFT SIG 4.8+SIFT SIG 4.8 0.125,0,0.41918861566315363,0.16455238709384995,213201,100302,32900,0.1543144731966548,0.32800941157703734,1.6295050871297243,1.4251418071676538,0.8745856753831655,0.6754102110862732,55.26838493347168,1.62771067303093,0.9988987980995169,289497,286.0869565217391,0.5955877784824527,1.02186647876528,1.6152335431402427,2.8709293108381293,0.25264437689969604,0.03022499894465786,0.0005167173252279636,0.3727208637275042,0.22550163411349208,0.3990990062352588,0.3543075458583001,-0.04062266569928626
AKAZE+AKAZE 0.25,0,0.5472319019897662,0.20123384985622564,246001,147902,74216,0.30168983052914417,0.5017917269543346,2.3077578783300834,1.1648769599817685,0.5047656736090032,1.2000000476837158,16.145212173461914,2.3121998306041367,1.0019247912945128,327462,645.3565217391305,0.5692202913306561,0.9835221100242065,2.098101385886134,3.8075251726619,0.3369354317128382,0.03992666696476844,0.0016842729330602566,0.7112728706723614,0.3670661516403795,0.7579520510335163,0.44065673263701144,0.05832841961531793
AKAZE+BRISK 0.25,0,0.5472319019897662,0.20123384985622564,249323,147902,64262,0.2577459761032877,0.4344904058092521,2.285194672357528,1.2033483388772013,0.5265846071817432,1.2000000476837158,16.145212173461914,2.093798178897578,0.9162449940151072,327462,558.8,0.634816267893866,0.9801571578464824,2.299777675099652,4.162836962494435,0.4038156297656469,0.04302451037409304,0.0021630201363169524,0.6845109346229359,0.31828968983725164,0.7228480605916224,0.6170698561677352,0.005647285092990791
AKAZE+SIFT 0.25,0,0.5472319019897662,0.20123384985622564,243105,147902,64177,0.2639888114189342,0.433915700937107,2.2895159187356318,1.146745526525667,0.5008681167672111,1.2000000476837158,16.145212173461914,2.3609367013005462,1.031194708881673,327462,558.0608695652174,0.6584659349507328,0.9781487468911199,1.7887767025785704,3.7953929372082023,0.365691758729763,0.04044342979371054,0.0015114449101703102,0.5950389456774237,0.3273911456583803,0.6747535551576039,0.5130386797284675,0.011705966655875337
AKAZE+FREAK 0.25,0,0.5472319019897662,0.20123384985622564,243520,147902,68312,0.2805190538764783,0.4618734026585171,2.2796738365598994,1.2231621500405452,0.5365513831076536,1.2000000476837158,16.145212173461914,2.1817173655159596,0.957030488540519,327462,594.0173913043478,0.652844068573671,0.98239381490137,2.2020606846741915,4.183311432325887,0.463754538002108,0.04552398160315375,0.0024446656517156575,0.663590552504124,0.3416164889526662,0.6897418759476355,0.4521849584229356,0.05677843237213328
BRISK+BRISK 0.25,0,0.5050085818226606,0.1924940164779581,256683,142085,65799,0.25634342749617234,0.46309603406411654,5.294965579055781,2.9130227938661455,0.5501495241798356,2.0999999046325684,18.0,5.461343073908682,1.0314218274639986,338095,572.1652173913044,0.6209692097566396,0.9968268566169469,2.2995405905959783,4.286279184831095,0.40733141841061415,0.0473307542766759,0.0019149227191902613,0.7135496309659313,0.3497577180324931,0.7219723100428951,0.6351121234352478,0.07497121051643232
GFTT+BRISK 0.25,0,0.5174713043478261,0.20061765181568098,271677,148773,64699,0.23814676987746478,0.43488401793336157,0.75,0.0,0.0,0.75,0.75,0.75,1.0,343603,562.6,0.6189339396878994,1.0202553204148002,2.3221933048847787,3.798713177780968,0.2704060340963539,0.038965389046551606,0.0013910570487951901,0.7029852764078814,0.32184702333914555,0.7402166725762952,0.7476887267180593,0.010286304396779073
GFTT+SIFT 0.25,0,0.5163373913043477,0.20076435915330734,259800,148447,46509,0.17901847575057736,0.31330373803445,0.75,0.0,0.0,0.75,0.75,0.75,1.0,343877,404.4260869565217,0.5657708783291502,1.0323182326702312,1.7761310805984762,3.909307159353349,0.4520415403470296,0.04467667436489607,0.0026016469930551078,0.4220795846527521,0.24235882272650464,0.46801475502836937,0.5061341879366136,0.0894346133558715
GFTT+FREAK 0.25,0,0.518608695652174,0.19993010498898703,264695,149100,68688,0.2594986682785848,0.4606841046277666,0.75,0.0,0.0,0.75,0.75,0.75,1.0,343355,597.2869565217392,0.6284673023921572,1.023017724637978,2.2031749138532604,4.00402727667693,0.3394479385045423,0.04354067889457678,0.0016014442115071046,0.6684623710349044,0.34085390042354186,0.719363374935284,0.6591523141522462,0.021834614983652183
ORB+BRISK 0.25,0,0.48011096034400375,0.20941075901716377,267342,137897,82256,0.30768079837810747,0.5965031871614321,13.466409509422462,4.743456774357958,0.3522436155709476,7.75,27.7696590423584,14.003316216009921,1.039870071247409,344299,715.2695652173913,0.6225084184440655,0.9625454157417362,2.1339424982977584,4.226462733128352,0.4024265707060883,0.046438644133731326,0.0017992608441937366,0.8077681745380597,0.34630934564415244,0.7850254800301293,0.6442140379192889,-0.011956351619690756
ORB+SIFT 0.25,0,0.48011096034400375,0.20941075901716377,263173,137897,72841,0.2767799128330034,0.5282275901578715,13.365810594169778,5.599027752059868,0.418906710716235,7.75,27.7696590423584,11.88267111410686,0.8890348273594517,344299,633.4,0.6356824244817117,1.0744950278233019,1.9110122140495034,4.719340509854734,0.46232204390384535,0.05670794496395907,0.0023201219093642316,0.5144610099104402,0.35173779394330246,0.6240411173070324,0.5753293911655659,0.028207985748910012
ORB+FREAK 0.25,0,0.48011096034400375,0.20941075901716377,259959,137897,85413,0.32856335037448214,0.6193970862310275,13.472711933612562,4.788327780940865,0.35540934924873185,7.75,27.7696590423584,14.010608532963762,1.039924894260466,344299,742.7217391304348,0.6155371366776948,0.9675478274588925,2.046289249512875,4.545897622317366,0.4852188776884081,0.05243903846375775,0.0018030042265228946,0.7861981809630832,0.36409441028588463,0.7676850767681024,0.573553532947915,-0.012531599443520683
SIFT+BRISK 0.25,0,0.45362610320854996,0.17547456398498182,260034,129203,53398,0.20535006960628224,0.41328761716059226,1.4061177928131543,1.8224173580007876,1.2960630804299562,0.44957634806632996,68.87097549438477,1.2792121365500628,0.9097474927692955,340204,464.3304347826087,0.5697529196679978,0.9899340404776529,2.500798260766837,4.721513340563157,0.35323420352822205,0.05022420145057954,0.0019101839020188023,0.6879608859668551,0.27713216754484926,0.6619624807488735,0.5450235168940629,0.015501040964764344
SIFT+SIFT 0.25,0,0.45168919601198193,0.17528948241755726,250360,128747,34067,0.1360720562390158,0.26460422378773873,1.4188472362966378,1.8363305013272642,1.2942411658920434,0.44952407479286194,109.8997688293457,1.6551173612622803,1.1665225958943515,340725,296.23478260869564,0.6177017528396632,0.965769886509295,1.7703692231479249,3.3618868828886406,0.3351337071065841,0.03757389359322576,0.0016144656118824668,0.3398993861712842,0.17540749973488995,0.3945383297325437,0.4443291723508474,0.048071555501438185
SIFT+FREAK 0.25,0,0.45551379725666247,0.17628472859630973,252996,129593,55878,0.22086515201821372,0.43118069648823626,1.415794682454697,1.8851657119351293,1.331524786254063,0.45020194351673126,109.8997688293457,1.3773100338205564,0.9728176344274608,339647,485.89565217391305,0.6008225515624201,0.992815653723764,2.4056440099163687,4.983691441761925,0.4525931493611081,0.05579930117472213,0.002505458319911235,0.6113685753585101,0.288964138052253,0.6441030107689826,0.42795330546227156,0.027805404991154702
SIFT SIG 4.8+SIFT SIG 4.8 0.25,0,0.41918861566315363,0.16455238709384995,213587,100302,47300,0.2214554256579286,0.4715758409602999,3.2563166627799096,2.8976011990627266,0.8898401166516317,1.3478968143463135,110.53676986694336,3.2674300857250587,1.0034128815149266,289497,411.30434782608694,0.555438138059373,1.0311099851590348,1.705623111340383,3.0000749109262266,0.1700845665961945,0.031720095324153624,0.0004439746300211416,0.5801230161378483,0.3056484462754952,0.6057454032963832,0.4139194132103525,0.04767920550220314
AKAZE+AKAZE 0.5,0,0.5472319019897662,0.20123384985622564,248926,147902,77957,0.3131733928958807,0.5270855025625076,4.602844212574194,2.3401589020218214,0.5084158389781913,2.4000000953674316,32.29042434692383,4.64563497313495,1.0092965911042262,327462,677.8869565217391,0.5734136363067507,0.9994983908741389,2.0659616961395555,3.582249343178294,0.2546916890080429,0.03587411519889445,0.0008594481573174956,0.7457064297011422,0.3888772390312919,0.8091191216863968,0.5608714569294777,0.001271926513315867
AKAZE+BRISK 0.5,0,0.5472319019897662,0.20123384985622564,249097,147902,66275,0.26606101237670465,0.4481007694284053,4.576485127825215,2.409561078580238,0.5265091027893893,2.4000000953674316,32.29042434692383,4.383025525282663,0.9577274705065006,327462,576.304347826087,0.6415029422284231,0.9813517461654802,2.2694792856373374,4.1426151258345145,0.3873255375330064,0.043436894061349596,0.0019011693700490381,0.6885706723380661,0.3289534261709422,0.740831554750052,0.602842874414729,0.012941119644745256
AKAZE+SIFT 0.5,0,0.5472319019897662,0.20123384985622564,243574,147902,84446,0.34669546010657953,0.5709591486254412,4.602407170416606,2.3646996587663494,0.5137962746899464,2.4000000953674316,32.29042434692383,4.701068801303133,1.0214369627095807,327462,734.3130434782609,0.6294231619035663,1.002313796133099,1.8047064616051196,3.8988972550436416,0.2560689671506051,0.04180249123469664,0.0008999834213580276,0.7854977696130933,0.4215097875001759,0.8298294319712027,0.5716629395352288,0.01320820850612274
AKAZE+FREAK 0.5,0,0.5472319019897662,0.20123384985622564,243046,147902,70049,0.28821293088551136,0.4736176657516464,4.583841051761502,2.4687844050703216,0.5385842085692749,2.4000000953674316,32.29042434692383,4.526218861147897,0.9874292782051285,327462,609.1217391304348,0.6579114152520893,0.9861798190500806,2.1851957793078687,4.085913777638801,0.4342103384773516,0.04398755791084815,0.0018843952090679382,0.6778157871299545,0.35096633959530615,0.7143155014599476,0.48445799244399845,0.07579110739829145
BRISK+BRISK 0.5,0,0.5050085818226606,0.1924940164779581,260578,142085,71925,0.2760209994704081,0.5062110708378788,10.586805837970113,5.625964953049563,0.5314128774206622,4.199999809265137,36.0,11.177984462545114,1.055841075544685,338095,625.4347826086956,0.6238025200368181,1.0049838615661515,2.2338861717635194,3.9669312067787765,0.2924852276677094,0.04160366569702738,0.0012374000695168578,0.7738584264408783,0.3815858963348843,0.7839449350641062,0.6747213112995024,0.05351983502288466
GFTT+BRISK 0.5,0,0.5174713043478261,0.20061765181568098,271677,148773,64699,0.23814676987746478,0.43488401793336157,1.5,0.0,0.0,1.5,1.5,1.5,1.0,343603,562.6,0.6189339396878994,1.0202553204148002,2.3221933048847787,3.798713177780968,0.2704060340963539,0.038965389046551606,0.0013910570487951901,0.7029852764078814,0.32184702333914555,0.7402166725762952,0.7476887267180593,0.010286304396779073
GFTT+SIFT 0.5,0,0.5163373913043477,0.20076435915330734,263414,148447,75240,0.2856340209707912,0.5068475617560476,1.5,0.0,0.0,1.5,1.5,1.5,1.0,343877,654.2608695652174,0.5998303102744539,1.0468804962527323,1.7807664010138926,3.9738624370762374,0.3248006379585327,0.04441297729050089,0.0014088250930356194,0.6440522687001656,0.38034610104238703,0.7089969703064312,0.5911465155327604,0.07233678868847894
GFTT+FREAK 0.5,0,0.518608695652174,0.19993010498898703,264695,149100,68688,0.2594986682785848,0.4606841046277666,1.5,0.0,0.0,1.5,1.5,1.5,1.0,343355,597.2869565217392,0.6284673023921572,1.023017724637978,2.2031749138532604,4.00402727667693,0.3394479385045423,0.04354067889457678,0.0016014442115071046,0.6684623710349044,0.34085390042354186,0.719363374935284,0.6591523141522462,0.021834614983652183
ORB+BRISK 0.5,0,0.48011096034400375,0.20941075901716377,270174,137897,88540,0.327714731987534,0.642073431619252,26.942409640443525,9.476304220248569,0.3517244502890934,15.5,55.5393180847168,27.62716860284325,1.0254156540390442,344299,769.9130434782609,0.596562735145405,0.9963478700841069,2.126139143421717,4.097996106213033,0.35896769821549585,0.04318328188500744,0.0013666139597921843,0.8607286331204177,0.37787483636875635,0.8258473241056672,0.6499902895064397,-0.0010210685719683524
ORB+SIFT 0.5,0,0.48011096034400375,0.20941075901716377,258782,137897,79284,0.3063737045080415,0.574950869126957,26.60437759990571,11.037337646949378,0.4148692299040477,15.5,55.5393180847168,24.61775203373278,0.9253271173620702,344299,689.4260869565218,0.6205733999362713,1.0545690520745163,1.9388422023508827,5.560139422370953,0.5166994601685081,0.07032560224436012,0.0024090610968165076,0.7255483178629885,0.3707128674810938,0.6724899656186902,0.5231364079627265,0.13421525483773677
ORB+FREAK 0.5,0,0.4762458691778752,0.21034224869144613,223613,118088,81248,0.3633420239431518,0.6880292663098706,25.796759647552893,8.992922092048904,0.3486066550572363,15.5,55.5393180847168,26.57237103739889,1.0300662331410129,296052,706.5043478260869,0.5770932211192437,1.005064390074687,1.9867163733452158,4.470093420328872,0.4337706774320599,0.050462182431254,0.0015015754233950373,0.8578973667497736,0.407177167743057,0.8079011517224965,0.5704809635961319,-0.005266470159108888
SIFT+BRISK 0.5,0,0.45362610320854996,0.17547456398498182,259818,129203,54688,0.21048580159958125,0.4232719054511118,2.8165032855806706,3.747209903122983,1.3304475525759705,0.8991526961326599,219.7995376586914,2.8530792044126905,1.0129862865842456,340203,475.54782608695655,0.5737302580234854,0.9868449279403876,2.4744222336554564,4.675084097329669,0.33804490930368636,0.04988876829165031,0.0019199824458747807,0.694291214206815,0.2823712724992975,0.6731091022474945,0.5366795911893363,0.015634730517930857
SIFT+SIFT 0.5,0,0.45168919601198193,0.17528948241755726,251934,128747,60165,0.23881254614303746,0.4673118596938181,2.8364332739286513,3.800417221171876,1.3398577911575695,0.8990481495857239,219.7995376586914,3.2013315787143384,1.128646884853483,340725,523.1739130434783,0.5860531488732857,0.9903060675603538,1.9380258797826857,4.02721744583899,0.22938585556386604,0.04542062603697794,0.0008975317875841437,0.5789819440820969,0.3037553293009371,0.7145013957174845,0.4270266410292392,0.07109062855881924
SIFT+FREAK 0.5,0,0.4561255606312407,0.17683396489511102,252422,129678,57163,0.22645807417736966,0.44080723021638213,2.775297408770715,3.6301424021793802,1.3080192381209725,0.9003153145313263,219.7995376586914,2.960736976982241,1.0668179084610843,339486,497.0695652173913,0.5975693310711012,0.9904993391284856,2.3868399309907473,4.922173978496327,0.4227209908507251,0.0555815261744222,0.0021167538442698947,0.6310473485612736,0.2950450197941629,0.6599732572606354,0.44345321585547276,0.03383325904794821
SIFT SIG 4.8+SIFT SIG 4.8 0.5,0,0.41918861566315363,0.16455238709384995,215774,100302,64858,0.30058301741637083,0.6466271858985863,6.506668386027029,5.95619870123514,0.9153991486681549,2.699523687362671,221.07353973388672,6.507067602365008,1.0000613549537634,289497,563.9826086956522,0.5299309580824835,1.039377413473244,1.8226885816162994,3.4609081724396824,0.12678466804403465,0.03553718242234931,0.0005088038484072898,0.7807826482366382,0.39419538524758707,0.8341174027345165,0.4766375157852088,0.0927691521630606
AKAZE+AKAZE 1,0,0.5472319019897662,0.20123384985622564,255767,147902,89161,0.3486024389385652,0.6028383659450176,9.231133532011322,4.730256591084329,0.5124242407155039,4.800000190734863,64.58084869384766,9.322945111602309,1.0099458619326225,327462,775.3130434782609,0.5821634350534377,1.0241700182210753,2.0287948824892466,3.2386664425043103,0.1541929767499243,0.031735915892198756,0.0003925483114814773,0.8777812894899311,0.43656077199270943,0.8901146368164767,0.7446248465885361,-0.02655447787421086
AKAZE+BRISK 1,0,0.5472319019897662,0.20123384985622564,246674,147902,77087,0.3125055741586061,0.5212032291652581,9.191078755102767,4.730917020199069,0.5147292441132142,4.800000190734863,64.58084869384766,9.434379954723257,1.0264714519484899,327462,670.3217391304348,0.6419614028571657,0.9978895247377341,2.15223875387106,3.8633905478485775,0.3287324711040772,0.03998800035674615,0.0015437103532372515,0.7782925492306335,0.3854759827703462,0.815909644884766,0.6815297844064209,0.07492954832596885
AKAZE+SIFT 1,0,0.5472319019897662,0.20123384985622564,245867,147902,98517,0.4006922441807969,0.6660964692837149,9.284942114368743,4.882882945456206,0.5258926641987126,4.800000190734863,64.58084869384766,9.341611284563834,1.0061033412483416,327462,856.6695652173913,0.6105435114724814,1.028796681284227,1.7922762673909551,3.9415252961967244,0.2047362384157049,0.04448746680115672,0.0009947521747515657,0.8922569999629407,0.4889997148715559,0.8988689790962635,0.645258316323654,-0.0003362858216580318
AKAZE+FREAK 1,0,0.5472319019897662,0.20123384985622564,243699,147902,80110,0.3287251896807127,0.5416424389122527,9.193871755329056,4.735695851622854,0.5150926592899119,4.800000190734863,64.58084869384766,9.493146439786708,1.0325515400281913,327462,696.6086956521739,0.64196448438661,1.0087329817258233,2.0956065088795577,3.9837873770511982,0.36697041567844213,0.04347165971136525,0.0016102858569466982,0.7656202550995682,0.4013943684783733,0.7861647848265262,0.5439899965571681,0.0967647187928592
BRISK+BRISK 1,0,0.5050085818226606,0.1924940164779581,264832,142085,76188,0.28768426776220396,0.536214237956153,21.201124604843617,11.203122354623334,0.5284211363044329,8.399999618530273,72.0,22.049852362960607,1.0400322046087636,338095,662.5043478260869,0.6162144521500724,1.0138526956628124,2.20222959625322,3.7249388291445142,0.26619677639523287,0.03708388714354761,0.0008269018743109151,0.8167002013711964,0.39753374475145287,0.8206827603368254,0.7017886347607389,0.05121505652587122
GFTT+BRISK 1,0,0.5174713043478261,0.20061765181568098,271677,148773,64699,0.23814676987746478,0.43488401793336157,3.0,0.0,0.0,3.0,3.0,3.0,1.0,343603,562.6,0.6189339396878994,1.0202553204148002,2.3221933048847787,3.798713177780968,0.2704060340963539,0.038965389046551606,0.0013910570487951901,0.7029852764078814,0.32184702333914555,0.7402166725762952,0.7476887267180593,0.010286304396779073
GFTT+SIFT 1,0,0.5163373913043477,0.20076435915330734,263620,148447,97754,0.3708140505272741,0.6585111184463142,3.0,0.0,0.0,3.0,3.0,3.0,1.0,343877,850.0347826086957,0.6088203206187361,1.0606878245287499,1.7680895539998516,3.9661899704119565,0.24746813429629477,0.045884227296866704,0.0010127462814820878,0.8042120015863478,0.47746813594878224,0.8333580806867841,0.6578519702226481,0.058737474155761006
GFTT+FREAK 1,0,0.518608695652174,0.19993010498898703,264695,149100,68688,0.2594986682785848,0.4606841046277666,3.0,0.0,0.0,3.0,3.0,3.0,1.0,343355,597.2869565217392,0.6284673023921572,1.023017724637978,2.2031749138532604,4.00402727667693,0.3394479385045423,0.04354067889457678,0.0016014442115071046,0.6684623710349044,0.34085390042354186,0.719363374935284,0.6591523141522462,0.021834614983652183
ORB+BRISK 1,0,0.4767859176528367,0.2102592358107721,232022,119671,76129,0.32811112739309206,0.6361524513039918,51.8953094080848,18.03248973314752,0.3474782198781578,31.0,111.0786361694336,52.36168755427574,1.0089869036625936,299751,661.991304347826,0.5904516116227534,1.0106636913990852,2.1331501428087036,4.221849652188155,0.4254489090885208,0.04371568213359078,0.001681356644642646,0.8620360474212189,0.3815252126291865,0.8163741468715682,0.6373768232647911,0.016307655680746873
ORB+SIFT 1,0,0.48011096034400375,0.20941075901716377,252171,137897,77355,0.3067561297690853,0.5609621674148096,52.758547287932466,22.070626971485265,0.41833272722680725,31.0,111.0786361694336,50.244240131270914,0.9523431313804076,344299,672.6521739130435,0.6222496061725822,1.0346914826198874,1.9587490336323974,6.253744482910406,0.6407601318596083,0.08451011416856022,0.003451619158425441,0.7155219480178031,0.35937907045356476,0.642741552489307,0.4623425302276123,0.19556573555133308
ORB+FREAK 1,0,0.4624485121902685,0.21669730318428043,139404,74183,51850,0.37194054689965855,0.6989471981451276,45.51277915581286,14.194187734312148,0.3118725772758985,31.0,111.0786361694336,46.50540466275486,1.0218098196891856,193541,450.8695652173913,0.5665556289130137,1.0097590716964433,1.9426879249040527,4.451622622019454,0.5090260366441659,0.04824108346962785,0.0019093539054966249,0.8601482755515566,0.41612764239237293,0.7883540382412408,0.564254532081056,0.02020789279719652
SIFT+BRISK 1,0,0.4540602849633053,0.17575892739582266,257534,129289,58260,0.22622255702159716,0.45061838207426774,5.499037821538467,7.1193151670080255,1.29464742706866,1.7983053922653198,439.5990753173828,6.20776113054411,1.1288813301537475,340059,506.60869565217394,0.5584582593893195,0.9861684130256192,2.4280495380322393,4.591160778770958,0.31635770683144526,0.049387653669030106,0.0017336079642979747,0.743051323676467,0.3009426286306651,0.7072557583297375,0.5504220687923874,0.030661069771900896
SIFT+SIFT 1,0,0.45168919601198193,0.17528948241755726,257846,128747,75845,0.29414844519596967,0.5891011052684723,5.6750049109781555,7.738204944722895,1.3635591626984376,1.7983146905899048,439.5990753173828,6.192270644366981,1.091148067975798,340725,659.5217391304348,0.5465776558417428,1.0073795920087674,1.9099921931435622,3.930830805984968,0.15427516645790756,0.043235109328824184,0.0007910870855033291,0.7845980619248818,0.3777316545543356,0.8540069241172716,0.593750146530604,0.04788578328655211
SIFT+FREAK 1,0,0.45600165760818717,0.17709576502410768,251860,129413,59796,0.23741761295958072,0.46205558946937325,5.2055217295939515,6.067592103507526,1.1656069110253853,1.8006306290626526,439.5990753173828,5.810516649632759,1.1162217644005492,339031,519.9652173913043,0.5820556757164929,0.9906745564115566,2.367289646339141,4.9209243230366075,0.41945949561843604,0.05545938219645835,0.0025252525252525255,0.674389768576954,0.3093692437374598,0.6828992054293558,0.44409994835265343,0.04254509408393828
SIFT SIG 4.8+SIFT SIG 4.8 1,0,0.41918861566315363,0.16455238709384995,220226,100302,74911,0.3401551133835242,0.7468544994117764,12.99942547795095,12.151459388961092,0.9347689564874893,5.398044586181641,495.35484313964844,12.88827370431152,0.9914494856847357,289497,651.4,0.5336166934172858,1.0476702743979465,1.8002953849185983,3.2985569369647543,0.0816302011720575,0.032870778200575775,0.0001334917435356623,0.8836201395847707,0.4452629941088672,0.911144057880344,0.6537802664155838,0.048040901551953744
AKAZE+AKAZE 2,0,0.5472319019897662,0.20123384985622564,257167,147902,86002,0.3344208238226522,0.5814796284025909,18.48884596571345,9.503957559394028,0.5140373594446401,9.600000381469727,129.1616973876953,18.251003929344527,0.9871359176873459,327462,747.8434782608696,0.6258737958555198,1.0182843340720094,2.0309762041983324,3.0821683964116704,0.16824027348201204,0.028988944926837425,0.0004883607357968419,0.8620479402104924,0.4139033850176517,0.8661441789497454,0.7695691057463493,-0.02181078763968096
AKAZE+BRISK 2,0,0.5472319019897662,0.20123384985622564,249304,147902,89944,0.3607804126688701,0.6081324120025422,18.412289449053368,9.447265001112456,0.5130956162324598,9.600000381469727,129.1616973876953,18.736423711192298,1.0176042345540899,327462,782.1217391304348,0.6094263795792434,1.0335198649887745,1.984562311379746,3.223807078907679,0.18017877790625278,0.03154782915637134,0.0005225473628035222,0.865035747047861,0.4540809740528455,0.8758626905879092,0.7300881924909017,-0.00111565799558624
AKAZE+SIFT 2,0,0.5472319019897662,0.20123384985622564,242688,147902,101104,0.4166007383966245,0.6835877810982948,18.719937449615873,10.013186785517094,0.5348942437690977,9.600000381469727,129.1616973876953,18.473659753705114,0.9868440962170089,327462,879.1652173913044,0.6153271307392141,1.0303779298620697,1.8801728625497829,5.0123121044303796,0.2342043836050008,0.06353837025316456,0.0011967874663712612,0.9053239036418168,0.5047350527174052,0.9098067613084705,0.65244090957279,-0.006640442352907429
AKAZE+FREAK 2,0,0.5473167833349973,0.20149793864276225,245878,147839,93653,0.38089214976533076,0.6334796636882013,18.44748680525588,9.537408777505775,0.5170031494365112,9.600000381469727,129.1616973876953,18.899712765926967,1.024514231420523,327317,814.3739130434783,0.6087742272788936,1.035529446816834,1.9428590736690525,3.574406819642262,0.2308521883975954,0.03803919016748143,0.0010464160251139846,0.8424835332763737,0.4671943898777011,0.8608005429912706,0.5378088570214007,0.02082199024046883
BRISK+BRISK 2,0,0.5064332192992921,0.19119779001846696,262468,140542,75774,0.2886980508100035,0.5391555549230835,39.405609791311214,19.43416139053811,0.49318260758962473,16.799999237060547,144.0,39.719536897590984,1.0079665587702438,333928,658.9043478260869,0.6278531872524834,1.0163684269641817,2.212264156718414,3.783752686041727,0.302636788344287,0.03719310544523523,0.001214136775147148,0.8228009523590655,0.3911757768273555,0.8144699365060888,0.6986337368909045,0.050189444025423906
GFTT+BRISK 2,0,0.5174713043478261,0.20061765181568098,271677,148773,64699,0.23814676987746478,0.43488401793336157,6.0,0.0,0.0,6.0,6.0,6.0,1.0,343603,562.6,0.6189339396878994,1.0202553204148002,2.3221933048847787,3.798713177780968,0.2704060340963539,0.038965389046551606,0.0013910570487951901,0.7029852764078814,0.32184702333914555,0.7402166725762952,0.7476887267180593,0.010286304396779073
GFTT+SIFT 2,0,0.5163373913043477,0.20076435915330734,255197,148447,113811,0.44597311096917286,0.7666776694712591,6.0,0.0,0.0,6.0,6.0,6.0,1.0,343877,989.6608695652174,0.6349517159495606,1.0629435785829784,1.7619291608888987,4.779499759009706,0.37272319898779555,0.060529708421337244,0.0020296807865672036,0.864830638647639,0.5426166255101115,0.8641252204359434,0.5826980006524919,0.05632165621229829
GFTT+FREAK 2,0,0.518608695652174,0.19993010498898703,264695,149100,68688,0.2594986682785848,0.4606841046277666,6.0,0.0,0.0,6.0,6.0,6.0,1.0,343355,597.2869565217392,0.6284673023921572,1.023017724637978,2.2031749138532604,4.00402727667693,0.3394479385045423,0.04354067889457678,0.0016014442115071046,0.6684623710349044,0.34085390042354186,0.719363374935284,0.6591523141522462,0.021834614983652183
ORB+BRISK 2,0,0.4642265089503383,0.21676499094599244,144287,76016,44302,0.30704082834905433,0.5827983582403704,92.2151936993981,29.11309903177142,0.315708267410617,62.0,222.1572723388672,92.12577113172689,0.9990302837950684,197912,385.23478260869564,0.5777465898232357,0.9963144821910425,2.126355596660176,4.4180972644798215,0.5808089928219945,0.04499365847235025,0.0020315109927317053,0.8365518938178808,0.35812474322401444,0.7554377717591444,0.5948122744879211,0.021708756686072965
ORB+SIFT 2,0,0.48011096034400375,0.20941075901716377,249173,137897,69347,0.27830864499765223,0.5028898380675432,105.04678953056055,43.866038794309176,0.4175857157590478,62.0,222.1572723388672,101.33975425377069,0.9647106275845642,344299,603.0173913043478,0.6204675424009496,1.0162283101747873,1.953898612017179,6.251463842390629,0.7942376743045841,0.0847001882226405,0.004816358313986186,0.6410122015890749,0.3263828733555359,0.56721246592767,0.4419750646320923,0.20746572290727291
SIFT+BRISK 2,0,0.45420184415474424,0.17691114956677456,258839,129094,62990,0.24335590849910563,0.48793902117836613,10.33821017522086,11.831980310923443,1.1444902077230859,3.5966107845306396,879.1981506347656,11.450615300218498,1.1076013261622313,339586,547.7391304347826,0.5491098266576303,0.9899862703287056,2.3818776775120276,4.292448201391599,0.25538974440387363,0.043787837227002115,0.0013176694713446578,0.7917862673572733,0.3227044767678409,0.7470525609117407,0.5687396765498045,0.012847340491237631
SIFT+SIFT 2,0,0.45168919601198193,0.17528948241755726,259402,128747,84746,0.32669755823008306,0.6582366967774006,11.351438665987251,15.56374898211684,1.3710816258692473,3.5949960947036743,879.1981506347656,11.83644215280164,1.042726168998087,340725,736.9217391304347,0.5688922269372105,1.0122508738969436,1.9786325435192433,4.454526179443489,0.16386614117480472,0.052216251223968974,0.0008613975880867533,0.8463917488370399,0.4176702411945144,0.8916702859207946,0.704743834170941,0.02934126913013927
SIFT+FREAK 2,0,0.45532788175130484,0.17723578986916222,252761,128662,64626,0.2556802671298183,0.5022928292736006,9.453478106490326,9.970641260369156,1.0547061248836838,3.601261258125305,879.1981506347656,10.575730162840701,1.1187131385621856,337745,561.9652173913043,0.5759941981262373,0.9952123740264338,2.331883158176086,4.729337199963602,0.3443350973292483,0.05248436269835932,0.0018258905084640857,0.7452858895340594,0.32995273373157774,0.7325455010538927,0.5304569260955377,0.003603558170363943
SIFT SIG 4.8+SIFT SIG 4.8 2,0,0.41918861566315363,0.16455238709384995,219028,100302,77714,0.35481308325876143,0.7748001036868657,25.97815487169572,25.135206359225034,0.9675516403442066,10.787458419799805,915.9084777832031,25.35933910222565,0.9761793794622307,289497,675.7739130434783,0.5581973300900762,1.049445917401915,1.8946318917101281,3.9368665193491243,0.07939367424144941,0.04328213744361452,0.0002316184985974213,0.9026424416840154,0.4680568895947664,0.9176232597649195,0.6979141017557497,0.033580073314863415
AKAZE+AKAZE 3,0,0.5472319019897662,0.20123384985622564,257607,147902,74925,0.29085001572162245,0.5065854417114035,27.70509279653082,14.18248815192784,0.5119090650980871,14.40000057220459,193.7425537109375,26.666095286666213,0.9624979595811096,327462,651.5217391304348,0.679049549337471,1.0004826272528207,2.1125189892800464,3.0440981805618637,0.21322655989322656,0.027452670152596784,0.0005338672005338672,0.7924480694088906,0.3585483269241376,0.804729933061733,0.7889649306499923,-0.02859521003229052
AKAZE+BRISK 3,0,0.5472319019897662,0.20123384985622564,254881,147902,92952,0.36468783471502386,0.6284702032426878,27.678394883021376,14.208951421256208,0.5133589386706935,14.40000057220459,193.7425537109375,27.93734367748004,1.009355629022314,327462,808.2782608695652,0.6027049442532939,1.0487918242393441,1.964650704662377,3.3277921853727817,0.1633961614596781,0.03358037672482453,0.0005271537998106549,0.8772877383717184,0.46298684992615224,0.8878127219990438,0.7340537402133934,-0.024693440171652453
AKAZE+SIFT 3,0,0.5472319019897662,0.20123384985622564,240288,147902,98562,0.4101827806632041,0.6664007248042623,28.147638216533363,15.108166158242328,0.5367472056454133,14.40000057220459,193.7425537109375,27.455969503136274,0.9754271137039549,327462,857.0608695652174,0.6162563723309016,1.0282856794568052,1.8968539216970643,5.286830803036357,0.252916945678862,0.06897556265814356,0.0013088208437328787,0.8916446097714211,0.490657270193461,0.8938077200420911,0.6055043300854565,-0.012136914685708712
AKAZE+FREAK 3,0,0.5477643033286653,0.2011919835797969,245433,145019,97467,0.3971226363202992,0.6720981388645626,26.387612076523506,13.090103949787338,0.49607004649857356,14.40000057220459,193.7425537109375,26.767873721142458,1.0144106122037948,321360,847.5391304347826,0.5938803341222021,1.0609359614972405,1.8912564658354163,3.6095186873810774,0.2067263791847497,0.03930604278968191,0.0008515702750674588,0.8722580531456797,0.49803992751902776,0.8857227625048668,0.5898713881310176,-0.021798854451206103
BRISK+BRISK 3,0,0.5080280137707134,0.19500171947874734,257045,138775,73356,0.28538193701491954,0.5285966492523869,55.02287649775259,24.99537569640251,0.454272427895031,25.19999885559082,216.0,54.31313975395946,0.9871010607047758,329537,637.8782608695652,0.6279192971820307,1.014382378669919,2.2116643693598106,3.8316559357310975,0.3325426686296963,0.037067439553385595,0.0009133540542014286,0.8194534261236776,0.38008328713139367,0.7997660186296573,0.6785725757255809,0.048804413474580234
GFTT+BRISK 3,0,0.5176139130434784,0.20029063356378835,272729,148814,68739,0.25204140373777634,0.4619121856814547,9.0,0.0,0.0,9.0,9.0,9.0,1.0,343545,597.7304347826087,0.61584548703978,1.0168953510027618,2.3061445488421373,3.753000230998537,0.2559100365149333,0.03775909419240345,0.0012511092683920337,0.7401006078150159,0.3405877183620489,0.7701185744909638,0.761067633607096,0.015818109133485844
GFTT+SIFT 3,0,0.5163373913043477,0.20076435915330734,248202,148447,118710,0.4782797882370005,0.7996793468375919,9.0,0.0,0.0,9.0,9.0,9.0,1.0,343877,1032.2608695652175,0.6420274224934573,1.0648520565969228,1.742968183810936,5.41032707230401,0.4569623452110185,0.07376652887567385,0.0025440148260466684,0.8782238898701746,0.5654411208090285,0.8659333187230028,0.5104768546128897,0.03865473239517793
GFTT+FREAK 3,0,0.5198539130434783,0.1999051763416004,265500,149458,75253,0.28343879472693034,0.5035060016860924,9.0,0.0,0.0,9.0,9.0,9.0,1.0,343180,654.3739130434783,0.622939855326839,1.0292363838875869,2.153874686320326,3.938873822975518,0.31313037353992534,0.04264030131826742,0.0016079093192297982,0.7183658866390683,0.3695248857011422,0.7601472086942024,0.6692010768502902,0.01540897479603286
ORB+BRISK 3,0,0.44530026949926155,0.2257921498115184,93449,48595,26054,0.27880448158888804,0.5361456940014405,133.42245129266647,45.00122576459125,0.3372837579327605,93.0,333.23590087890625,132.12993158744706,0.9903125771360307,134835,226.55652173913043,0.5744889120811529,0.9860833718454761,2.1383249258704424,4.744962492910571,0.7395025715820988,0.048828772913567825,0.0022645275197666387,0.794236098798589,0.3431075206396715,0.69109143366764,0.5760378061704206,0.04041308656596097
ORB+SIFT 3,0,0.48011096034400375,0.20941075901716377,250136,137897,63265,0.25292241020884637,0.4587844550642871,158.18201643282862,66.13830455941245,0.4181151944506778,93.0,333.23590087890625,152.39545240041193,0.9634183192065077,344299,550.1304347826087,0.6149526741802235,1.013367287240361,1.9269774622913363,5.925880321105319,0.9324428989172528,0.07679022611699235,0.005690350114597328,0.5817328267074399,0.3008671146996384,0.49799949129618903,0.45726232853530596,0.2023950985400345
SIFT+BRISK 3,0,0.4539655448176752,0.17740923108146056,261808,128758,66524,0.25409460367903197,0.5166591590425449,14.63228698697073,16.110517883520863,1.1010252804545468,5.39491605758667,1318.7972412109375,15.922435294276543,1.088171337020291,338986,578.4695652173913,0.552782193668338,1.0009242303967127,2.3336672576639894,4.204424616512864,0.19543322710600686,0.04410484018822954,0.000916962299320546,0.8141222513430616,0.3415083886334815,0.7681851086487701,0.5446171536891276,-0.0018419113671050596
SIFT+SIFT 3,0,0.45168919601198193,0.17528948241755726,257139,128747,86897,0.33793784684548045,0.6749438821875461,17.07918367389239,23.925551737390744,1.4008603803449844,5.397023677825928,1318.7972412109375,17.368105264467665,1.0169165925076926,340725,755.6260869565217,0.5800838757961755,1.0131135465389898,2.0236802417925945,4.900147391099756,0.17404513389415055,0.059959788285713175,0.0007249962599399288,0.8559962418317114,0.4293917287374577,0.8924234084548434,0.684810283962522,0.022426206449567932
SIFT+FREAK 3,0,0.45453661434247283,0.17778441890255503,253989,127722,68667,0.2703542279390052,0.5376285996147884,13.134287621707614,13.76100340871966,1.0477160090491886,5.397688627243042,1318.7972412109375,14.475237153131879,1.1020953377941882,336343,597.104347826087,0.5754304321144277,1.0095844877191977,2.2771192164902643,4.532920717038927,0.25609098984956385,0.05022264743748745,0.001441740574074883,0.774559393623733,0.3535340807099745,0.7612585686706287,0.508146178945953,0.004495493552711156
SIFT SIG 4.8+SIFT SIG 4.8 3,0,0.41918861566315363,0.16455238709384995,216590,100302,75794,0.34994228727088045,0.7556579131024307,39.044106065236804,39.021824084179805,0.9994293125569383,16.20449447631836,1373.8627319335938,37.71377322489905,0.9659274350368026,289497,659.0782608695653,0.5688951531525215,1.048430455359571,1.9245536125360825,4.334784616094926,0.10357020344618308,0.050491712452098436,0.00036942238171886957,0.8929232225578366,0.4635214249231686,0.8960624588330618,0.6530896982559998,0.03979279027575045
AKAZE+AKAZE 4,0,0.5472319019897662,0.20123384985622564,257956,147902,63777,0.2472398393524477,0.4312112074211302,36.94023507932654,18.98247214010328,0.5138698251199475,19.200000762939453,258.3233947753906,35.06284523889506,0.9491776423079084,327462,554.5826086956522,0.7015051076961846,0.9784980966426595,2.1935041240866293,2.9737629673277612,0.25016855606253036,0.026202143001131977,0.0005331075466077112,0.7065535091428807,0.3072652899672082,0.7237509208032448,0.8152892338020221,-0.027960007094772216
AKAZE+BRISK 4,0,0.547310221633317,0.2015260729318175,256456,147886,93132,0.3631500140374957,0.629755352095533,36.925666579350256,18.92897156710521,0.5126236929651192,19.200000762939453,258.3233947753906,37.12982986837924,1.0055290346239316,327381,809.8434782608696,0.6024485843531011,1.0598241794582792,1.979003174584721,3.2592959416040177,0.148788815874243,0.03215366378638051,0.00040802302108834774,0.8838841567998031,0.4625117863153193,0.8934960224842209,0.7582782142613548,-0.029561278806269263
AKAZE+SIFT 4,0,0.5472319019897662,0.20123384985622564,239514,147902,95287,0.39783478210042,0.6442576841422023,37.50325157177759,20.177158698518078,0.5380109151309441,19.200000762939453,258.3233947753906,36.37317369637949,0.9698672027614661,327462,828.5826086956522,0.6172356102671174,1.0289180207082254,1.9046922752832836,5.362008066334327,0.27299631639153293,0.07105221406681864,0.0015636970415691543,0.872617184972841,0.4739206728350036,0.871474231026284,0.5715567958264686,-0.018041152823076476
AKAZE+FREAK 4,0,0.5486447017430248,0.202598775710606,241942,142284,95627,0.39524762133073216,0.6720854066514858,33.59219793337566,16.51671866605579,0.491683178898084,19.200000762939453,258.3233947753906,33.884265528029694,1.008694506838561,314884,831.5391304347826,0.5932825422100987,1.06822855885717,1.8985172870262719,3.510209058369361,0.18677779288276325,0.036752610129700505,0.0006692670480094534,0.8810876898519553,0.49620703630146273,0.8903622740609577,0.631222574410232,-0.013867704985881656
BRISK+BRISK 4,0,0.508941139428828,0.19720280403430876,251832,137118,69974,0.2778598430699832,0.5103195787569831,69.77134744219482,31.249442705941345,0.44788360625873447,33.599998474121094,288.0,68.00038725323917,0.9746176581952515,325809,608.4695652173913,0.6189882282746354,1.012465527226398,2.2237853486952495,4.009196607261984,0.3879298024980707,0.039585914419136566,0.0011432817903792838,0.8156596977036839,0.3664556056361471,0.7801410489711764,0.6428812412876935,0.05523585192408903
GFTT+BRISK 4,0,0.5182504347826088,0.1997832736063118,272731,148997,73011,0.2677033413876677,0.4900165775149835,12.0,0.0,0.0,12.0,12.0,12.0,1.0,343429,634.8782608695652,0.6128646776268071,1.0225412417585016,2.284894057093915,3.7270643967865773,0.2651929161359247,0.03731882330941477,0.0013011737957294106,0.768152536903051,0.35623213821675886,0.7955834816438815,0.7692663596139147,0.022708751855751476
GFTT+SIFT 4,0,0.5163373913043477,0.20076435915330734,243250,148447,119264,0.4902939362795478,0.8034113185177201,12.0,0.0,0.0,12.0,12.0,12.0,1.0,343877,1037.0782608695652,0.643837173745501,1.0626431981277384,1.7285913940085784,5.733249743062693,0.5261101422055272,0.08087564234326824,0.00327844110544674,0.8793644177289488,0.571557936135593,0.8588980157325306,0.4630807831440037,0.03653685550909056
GFTT+FREAK 4,0,0.520764812942366,0.2006058073499685,265543,149673,80762,0.30413906598931245,0.5395896387457991,12.0,0.0,0.0,12.0,12.0,12.0,1.0,342885,702.2782608695652,0.6211206277312913,1.032878473881344,2.1115377318545105,3.8978922434407988,0.3220697852950645,0.04175971499907736,0.0017334885218295733,0.7535681651991774,0.3909833839071414,0.7865748819889944,0.6781018359601846,0.011478475163714532
ORB+SIFT 4,0,0.48011096034400375,0.20941075901716377,250972,137897,58832,0.23441658830467144,0.4266372727470503,211.89414583571,88.76439352504138,0.4189091358562778,124.0,444.3145446777344,203.58567216184304,0.960789508171175,344299,511.5826086956522,0.6040483893506825,1.008407010181665,1.903833496055347,5.698392649379214,0.9556193908077237,0.0727371977750506,0.005745172695131901,0.5290621175023907,0.28318057712126,0.45001264659587353,0.4739385718326531,0.18148618679337206
SIFT+BRISK 4,0,0.45365861305484445,0.176843320220561,263277,128401,66880,0.25402902646262304,0.5208682175372465,18.76080717292167,20.314560093998832,1.082819086980424,7.196612119674683,1758.3963012695312,20.28311102469073,1.0811427694841547,338259,581.5652173913044,0.5515221386929728,1.0062423148897377,2.3491320689444124,4.171028992278095,0.19614234449760765,0.042612913395397245,0.0009569377990430622,0.8228545069765469,0.34430762955321587,0.7750803242562434,0.555776686844373,-0.02123913641598566
SIFT+SIFT 4,0,0.45168919601198193,0.17528948241755726,255532,128747,86927,0.34018048620133684,0.6751768973257629,22.796848040190213,32.37865241606993,1.420312683533586,7.193067312240601,1758.3963012695312,22.82541291601015,1.0012530186528235,340725,755.8869565217391,0.5848686045171294,1.0124261565578159,2.039831863733767,5.1145062066590485,0.1874791491711436,0.06392937088114209,0.0007822655791641262,0.855397666505566,0.4305372727132177,0.8826717269663752,0.6576380365084562,0.011996921021046518
SIFT+FREAK 4,0,0.45430544808273277,0.1782296126565999,254968,126978,69673,0.27326174265005804,0.5487013498401297,16.6393190140804,17.6196772932106,1.058918173171667,7.2053608894348145,1758.3963012695312,18.03934352128576,1.0841395315529825,334816,605.8521739130434,0.5656791179516756,1.0136741049407425,2.2860720266516386,4.520806532584481,0.2684971222711811,0.04934736908161024,0.0014496289810974122,0.7908600524378797,0.35940246608040183,0.7728103357809176,0.5190568827081976,-0.01454824591411115
SIFT SIG 4.8+SIFT SIG 4.8 4,0,0.41918861566315363,0.16455238709384995,215588,100302,73045,0.3388175594188916,0.7282506829375287,52.11670620604181,53.12287095046235,1.0193059926013492,21.583600997924805,1831.8169555664062,49.92368854507299,0.957921023398931,289497,635.1739130434783,0.5751779839863507,1.0471819848383694,1.9330808204151075,4.4989934504703415,0.12629201177356425,0.05426090505965082,0.00056129783010473,0.8722789265171502,0.4509723462391311,0.8670069777810456,0.6152771223244241,0.04429133047584674
AKAZE+AKAZE 6,0,0.5472319019897662,0.20123384985622564,258247,147902,47705,0.18472625045015043,0.3225446579491826,55.553568019148386,29.388471880573146,0.5290114195805287,28.80000114440918,387.485107421875,52.47173559828357,0.9445250317710906,327462,414.82608695652175,0.7042933823722484,0.9444674756829348,2.335565777270878,2.9033173667070673,0.31531286028718164,0.02487540997572092,0.000901373021695839,0.5322132662497092,0.23554256892916672,0.5631546707277245,0.8472889555970432,-0.022974197883378854
AKAZE+BRISK 6,0,0.5475019245580492,0.20132234344410238,252046,145413,89369,0.3545741650333669,0.6145874165308466,53.2651261244918,26.385348457817773,0.4953587905931109,28.80000114440918,387.485107421875,52.95039925682342,0.99409131470124,322318,777.1217391304348,0.609923892179469,1.0556225603558929,2.005115975438796,3.1969640462455264,0.1612639729660173,0.031184783729954056,0.0004699616198010496,0.8831062941612704,0.44823676540100615,0.8911682374057954,0.7822399171348352,-0.009079862592197674
AKAZE+SIFT 6,0,0.5472319019897662,0.20123384985622564,239051,147902,87923,0.36780017653136776,0.5944679585130694,56.02203835946791,30.493784847111833,0.5443176603365821,28.80000114440918,387.485107421875,53.858176166390855,0.961374804336955,327462,764.5478260869565,0.617260290322636,1.0284424927982547,1.910939264866474,5.216501918000762,0.31222774473118525,0.0678641796102087,0.0016377967084835595,0.824122449930125,0.4367491832330642,0.816115556602097,0.5380869095568409,-0.017910962487669258
BRISK+BRISK 6,0,0.5020278162565411,0.20159604810605586,240205,130600,62117,0.2585999458795612,0.47562787136294027,98.48281551829653,46.56207760414339,0.47279393221138055,50.39999771118164,432.0,94.34147065043199,0.9579485532976547,315343,540.1478260869566,0.6045282190048963,1.0084650843922374,2.2612761527565306,4.386245082325513,0.473058904969654,0.04482004954101705,0.0011269056779947518,0.7905607950038424,0.3403404346959896,0.7314962237311492,0.5884450298018331,0.036649019033662994
GFTT+BRISK 6,0,0.5195269565217392,0.19995066927347643,272438,149364,76635,0.2812933584889039,0.5130754398650277,18.0,0.0,0.0,18.0,18.0,18.0,1.0,343219,666.3913043478261,0.6140983594051407,1.0255126644049424,2.253468108195736,3.8242058743640754,0.27774515560775104,0.03887489997724253,0.001122202648920206,0.785129052042625,0.36743412075859644,0.8063040392709458,0.7449028128089507,0.03078879955691552
GFTT+SIFT 6,0,0.5163373913043477,0.20076435915330734,236871,148447,116563,0.49209485331678426,0.7852162724743511,18.0,0.0,0.0,18.0,18.0,18.0,1.0,343877,1013.591304347826,0.6409742246707099,1.059316085999062,1.7055712776110257,6.028285438065445,0.6198965366368402,0.08733867801461555,0.0036718341154568773,0.869028432476272,0.5640748255760103,0.8329322244497648,0.4341634837511597,0.009453726377838352
GFTT+FREAK 6,0,0.5230603742091803,0.20033922591884232,263215,149715,86606,0.3290314001861596,0.5784724309521424,18.0,0.0,0.0,18.0,18.0,18.0,1.0,340904,753.0956521739131,0.6177170323089614,1.0297340454913164,2.0428672694814054,3.9348897289288223,0.36160312218552987,0.042535569781357446,0.001731981617901762,0.7877226682142806,0.4134823522888966,0.7984951568124599,0.6596257894346874,0.0360327518110154
ORB+SIFT 6,0,0.48011096034400375,0.20941075901716377,250772,137897,53399,0.21293844607850956,0.3872383010507843,319.1968415514824,133.62624517162084,0.4186327299547186,186.0,666.4718017578125,305.7995886481472,0.9580282410119826,344299,464.3391304347826,0.583698546112574,1.0074200395892918,1.877493824873002,5.407262373789737,0.9834079289874342,0.06688545770660201,0.005786625217700706,0.46395086808518865,0.258900683195701,0.39898669934291436,0.5043358928132712,0.15304195360074171
SIFT+BRISK 6,0,0.45412495269468717,0.17760913443416237,262883,127712,67071,0.2551363153950617,0.5251738286143823,26.54212657395238,28.78390695972436,1.0844612197717418,10.80086612701416,2637.594482421875,28.042881873726383,1.0565423910398648,336591,583.2260869565217,0.5606194489665105,1.0098569809741178,2.376669216667215,4.182685833621801,0.22734117576896126,0.04180567020309415,0.0012076754484054212,0.8336934600315424,0.34607648306554023,0.7845353315044499,0.5707698781800694,-0.004914631808716777
SIFT+SIFT 6,0,0.45168919601198193,0.17528948241755726,254106,128747,84859,0.33395118572564203,0.6591143871313506,34.2111164504424,49.560578889224715,1.4486688547863462,10.807478904724121,2637.594482421875,33.52887077012037,0.9800577779649396,340725,737.9043478260869,0.5881782719822598,1.0111500909995477,2.0410104857205305,5.260328366902002,0.22043625307863632,0.0672003022360747,0.0012019938957564902,0.8478106016398098,0.4220132529285293,0.8560857588377867,0.6109463303530436,0.009214649723202286
SIFT+FREAK 6,0,0.45380515995649146,0.18031562282398003,253208,125506,70758,0.2794461470411677,0.5637818112281484,23.18682242947308,25.97377540210742,1.120195554225309,10.78983211517334,2637.594482421875,24.33163608707882,1.0493734603388585,331823,615.2869565217392,0.5606308527674279,1.0175058686622653,2.2749004496825154,4.4472449527661055,0.2651996947341643,0.0480237591229345,0.0011306142061675004,0.8120290027868378,0.3675970149616391,0.7832410001473779,0.5163033402046151,0.019324816982440627
SIFT SIG 4.8+SIFT SIG 4.8 6,0,0.41918861566315363,0.16455238709384995,214834,100302,67425,0.31384697021886665,0.6722198959143387,78.10394192992888,81.01972496354648,1.0373320854436963,32.4196891784668,2747.7254638671875,74.11996696234544,0.9489913713810032,289497,586.304347826087,0.5824711999130768,1.0450801247018562,1.9384624231147842,4.468077678579741,0.15012235817575084,0.05389742778144986,0.0005635891731553578,0.8331225829490021,0.42275307171952353,0.8148328485505694,0.5536888555225613,0.040545484573210715
AKAZE+AKAZE 8,0,0.5472319019897662,0.20123384985622564,257990,147902,40043,0.15521144230396527,0.27074008465064703,74.29266043078637,40.66353974508302,0.5473426245512717,38.400001525878906,516.6467895507812,70.89902294642786,0.9543206897601932,327462,348.2,0.7015455907242548,0.9287311886311074,2.4002519064286876,3.048362339625567,0.3894563344404765,0.026365362998565837,0.001423469769997253,0.4148943766621946,0.19964259481821808,0.4699727712618837,0.8268914582169717,0.002378587279851046
AKAZE+BRISK 8,0,0.5480990706521682,0.20194490758421565,246013,142446,84387,0.34301845837415096,0.592413967398172,67.73898180791946,33.44470907818774,0.493729137721962,38.400001525878906,516.6467895507812,66.71027047934143,0.9848135991843657,315419,733.8,0.6113362958977498,1.0512171417667293,2.0484181407349142,3.279818546174389,0.16385225212414234,0.0312463162515802,0.00048585682628840934,0.8774341880558035,0.434723869066912,0.8842419041324976,0.7565826736687891,0.008268343461987552
AKAZE+SIFT 8,0,0.5472319019897662,0.20123384985622564,239106,147902,81601,0.3412754175972163,0.5517234384930562,74.47651681364529,41.141800207699035,0.5524130553882348,38.400001525878906,516.6467895507812,71.1063028767688,0.9547479651161799,327462,709.5739130434782,0.6135314710019888,1.0231556687897927,1.911364243145905,5.036464998787149,0.34553498118895604,0.06414728195862923,0.0015808629796203479,0.7804996919753628,0.4032408150036239,0.7622429863290278,0.516670955298909,-0.009835778942984754
BRISK+BRISK 8,0,0.49871396743344615,0.21101558944702462,221499,121818,53517,0.2416128289518237,0.4393193124168842,128.60016239093875,65.88992228983604,0.5123626678598866,67.19999694824219,576.0,122.16820103717157,0.9499848115726767,298712,465.3652173913043,0.5959118394790119,1.0077153351661197,2.277639501291348,4.86016189689344,0.6572117271147486,0.052907688070826506,0.0020367359904329466,0.7469661005850159,0.3204772691025677,0.664934003951925,0.5685867356210131,0.03635793628090121
GFTT+BRISK 8,0,0.5206882912032356,0.2005849647733119,271097,149651,79214,0.2921979955514078,0.5293248959245177,24.0,0.0,0.0,24.0,24.0,24.0,1.0,342875,688.8173913043478,0.6177477424554229,1.0300726179049455,2.2155426342642577,3.941223989937181,0.3468452546267074,0.039978310346481145,0.0014643876082510666,0.7940509592143804,0.37079715209621505,0.794664040288465,0.7133241523489267,0.03758113044901321
GFTT+SIFT 8,0,0.5163373913043477,0.20076435915330734,233264,148447,112046,0.48033987241923315,0.7547879041004534,24.0,0.0,0.0,24.0,24.0,24.0,1.0,343877,974.3130434782609,0.6338031557480923,1.0517260500185546,1.7053232017627231,6.272356643116812,0.6768113096406833,0.09180156389327114,0.003328989879156775,0.8486669724112254,0.5426885043936314,0.8031981166898798,0.4167132985059376,0.00821931531855869
GFTT+FREAK 8,0,0.5243152627133013,0.20242529277089918,260547,149106,88021,0.3378315620598203,0.590325003688651,24.0,0.0,0.0,24.0,24.0,24.0,1.0,338605,765.4,0.6171253044185863,1.02923183497068,2.02393770335499,4.061827616514487,0.399836402676634,0.04373107347234856,0.0017836652616989128,0.7974419117303694,0.4192527431315944,0.7963076873488663,0.642823567623325,0.044053424909468696
ORB+SIFT 8,0,0.48011096034400375,0.20941075901716377,249870,137897,50401,0.20170888862208347,0.36549743649245453,426.0184914206535,177.56778403568765,0.41680769171203896,248.0,888.6290893554688,406.5317412699757,0.9542584405533786,344299,438.2695652173913,0.5666984706560593,1.0188621995653029,1.8792982690298308,5.387597550726378,1.0131545009027598,0.06684275823428183,0.006507807384774112,0.43794910089659145,0.24877650233519008,0.3745320334666182,0.5042193693978397,0.13293517411698716
SIFT+BRISK 8,0,0.4542783944791502,0.17857636140874206,262264,127054,67174,0.2561312265503462,0.5287043304421742,33.841291156110536,37.06748326195328,1.095333008748403,14.381578922271729,2203.8712158203125,34.96838884939693,1.0333053986648166,335010,584.1217391304348,0.5729930588181367,1.0104846111794406,2.3814315584397736,4.213487173230027,0.24269806770476673,0.04259829789830095,0.0010122964242117486,0.8264318268140717,0.3493116115102992,0.7810678647745044,0.5729427980293464,0.016377431571627774
SIFT+SIFT 8,0,0.45168919601198193,0.17528948241755726,253792,128747,81956,0.3229258605472198,0.6365662889232371,45.515889513635,66.38739140070601,1.4585541908572086,14.380997657775879,3516.7926025390625,44.19132680752493,0.9708988944242586,340725,712.6608695652174,0.5875020229110803,1.0103134145665635,2.040563246663491,5.254066322027487,0.23999463126555712,0.06739771151178918,0.0012567719263995314,0.8354192296707369,0.40774820525399397,0.8276878861606494,0.5800484125817811,0.00670223832815347
SIFT+FREAK 8,0,0.45192425154896404,0.1820111017879833,250831,123850,71031,0.28318270070286367,0.5735244247073072,29.479964076819922,34.815480660660995,1.1809878929953102,14.374025344848633,3516.7926025390625,30.20646632405941,1.024643932582358,328982,617.6608695652174,0.5675655129941497,1.020574974796813,2.252179355706254,4.497900977151947,0.31349692387830663,0.0485426442505113,0.001562697976939646,0.8099450040086422,0.37199915384345594,0.7737860137301882,0.5289086703494605,0.03648864945413688
SIFT SIG 4.8+SIFT SIG 4.8 8,0,0.41918861566315363,0.16455238709384995,214679,100302,62638,0.291775161986035,0.6244940280353333,104.08783562159981,108.47121304162083,1.0421122928903654,43.16720199584961,3663.6339111328125,98.58908838799312,0.947172047523432,289497,544.6782608695652,0.5871197660993417,1.042802615097585,1.9351005303281616,4.291817085043251,0.1617229158019094,0.05070826676107118,0.0005428014943005843,0.7910650522468947,0.39856007755153366,0.7605781809146447,0.5103235679561842,0.04088774147394411
AKAZE+AKAZE 12,0,0.5472319019897662,0.20123384985622564,257084,147902,32757,0.12741749778282585,0.22147773525712972,111.81932461744923,63.40158376112602,0.5670002388051654,57.60000228881836,774.97021484375,107.14277747393811,0.9581776480987496,327462,284.8434782608696,0.6992267857189653,0.9123505675441606,2.4637669898798213,3.5335921333105134,0.5483102848246176,0.032366852857431815,0.002747504350215221,0.2930467616953382,0.16628735087227609,0.39220603973806595,0.7132200717354683,0.050359471546258756
AKAZE+SIFT 12,0,0.5472319019897662,0.20123384985622564,240156,147902,72054,0.30002998051266677,0.48717393950048005,111.07835074304516,62.807281793536866,0.5654322500594865,57.60000228881836,774.97021484375,105.76872965829386,0.9521993165253784,327462,626.5565217391304,0.6015526295847082,1.011147783426407,1.9082278704897777,4.70942220889755,0.3705970522108419,0.05771248688352571,0.0015543897632331308,0.7014928580917394,0.35326963134909417,0.6720604236141626,0.48292779577760164,-0.010621803264558059
GFTT+BRISK 12,0,0.5225783120487283,0.20032797216303388,267382,149770,79952,0.2990178845247623,0.5338318755424984,36.0,0.0,0.0,36.0,36.0,36.0,1.0,341366,695.2347826086957,0.6154918800296463,1.0243257027997112,2.1814309071074867,4.100126410902753,0.4301956173704223,0.04222797346119036,0.0015384230538322994,0.8025673127186602,0.3695493803513196,0.773504649670309,0.6566605919425738,0.02444426651438632
GFTT+SIFT 12,0,0.5163373913043477,0.20076435915330734,228171,148447,103130,0.4519855722243405,0.6947260638477032,36.0,0.0,0.0,36.0,36.0,36.0,1.0,343877,896.7826086956521,0.6231704456267301,1.0422835495394516,1.6996702823278174,6.580608403346613,0.866508290507127,0.09681335489610862,0.004440996800155144,0.7980228650645237,0.5006300181167858,0.7375999635652275,0.3990054736644,-0.0034254438343494465
GFTT+FREAK 12,0,0.5254026316658774,0.21005491333482915,241860,140259,84337,0.34870172827255436,0.6012947475741307,36.0,0.0,0.0,36.0,36.0,36.0,1.0,320700,733.3652173913043,0.615844057478561,1.0169193642678838,1.9812192039309624,4.319064748201439,0.5387196604100217,0.04718018688497478,0.0027034397713933387,0.8021219627589405,0.42126630316803865,0.770367932541611,0.5823408939416962,0.01961673368070856
ORB+SIFT 12,0,0.48011096034400375,0.20941075901716377,248545,137897,46755,0.18811482830071014,0.33905741241651377,638.7987083414339,263.94701874037423,0.41319278717028374,372.0,1332.943603515625,605.6172618713803,0.9480564909778773,344299,406.5652173913044,0.5528134367614965,1.029053091879666,1.8952076474009325,5.627061497917882,1.1628916693401776,0.07122653845380113,0.007892204042348411,0.40597500193127983,0.23453759152806822,0.3416064638448951,0.5057365145244801,0.13635543461925606
SIFT+BRISK 12,0,0.45336673423749596,0.18002922682402106,259124,125496,66657,0.2572397770951359,0.5311484031363549,47.57695654902586,54.27829300045683,1.1408525668203586,21.568918228149414,3305.8067626953125,47.426074983034326,0.996828683948372,332042,579.6260869565217,0.5924316903197359,1.011579950539147,2.3683705187830215,4.334681465244439,0.28753169209535384,0.04430697272348374,0.0011701696746028174,0.8153172529309101,0.347105233351661,0.7652431229314028,0.5830283524640832,0.03012400816536832
SIFT+SIFT 12,0,0.45168919601198193,0.17528948241755726,253711,128747,76147,0.30013282829676285,0.5914467909931882,67.89558082759805,99.52857229233472,1.4659064858000088,21.58268928527832,5275.18896484375,65.61568676634955,0.9664205824081886,340725,662.1478260869566,0.5845252887990436,1.006510255390701,2.0318431729001563,5.086712834681981,0.25671398741907103,0.06432121587160194,0.0011031294732556766,0.7964284045222589,0.3783351927986707,0.7690903860228108,0.535791718076921,0.008750294029598479
SIFT+FREAK 12,0,0.44532728028073826,0.18423552857128062,243887,119043,68965,0.2827743996194959,0.5793284779449442,41.943764992542945,54.99436250846318,1.3111451134212788,21.571656227111816,5275.18896484375,41.604260597624496,0.9919057243674045,321194,599.695652173913,0.5807042231892454,1.0157159406233753,2.2346421618312,4.603004670195624,0.3640977307329805,0.04919081377851218,0.001334010005075038,0.8041920664928666,0.36842493952072647,0.7579521120748957,0.5262670930279832,0.04208573713667554
SIFT SIG 4.8+SIFT SIG 4.8 12,0,0.41918861566315363,0.16455238709384995,215254,100302,55096,0.2559580774341011,0.5493011106458495,155.50858154919976,162.49257357386674,1.0449106535156543,64.81531524658203,5495.450927734375,148.4091360507033,0.9543469213867767,289497,479.09565217391304,0.5846498351413735,1.0337283242784034,1.9245634646279075,3.9697752422719206,0.18818063017278933,0.04440335603519563,0.00047190358646725716,0.7154877445380875,0.3565905291562797,0.6664776073972096,0.46641996901659866,0.041352043412548695
AKAZE+AKAZE 16,0,0.5472319019897662,0.20123384985622564,255929,147902,28587,0.11169894775504144,0.19328339035307163,149.46042877563102,85.75222858571215,0.5737453671730248,76.80000305175781,1033.2935791015625,140.95437676034126,0.9430882670083933,327462,248.58260869565217,0.7033368859388451,0.9042747642517739,2.4703758001767837,4.024561499478371,0.697694756357785,0.039604734125480115,0.0031832651205093224,0.22270983736814168,0.14362237872324154,0.3503166403253197,0.5727141322393737,0.06142123131654691
AKAZE+SIFT 16,0,0.5472319019897662,0.20123384985622564,240818,147902,65487,0.27193565265054936,0.442772917201931,147.56967885606562,84.80181511038691,0.5746560930928072,76.80000305175781,1033.2935791015625,141.0270483253555,0.9556641270657533,327462,569.4521739130435,0.5902114784489484,1.0025966187213262,1.8885843101238704,4.4177636223205905,0.3851909539297876,0.051665573171440674,0.0014353993922457892,0.6292473313782865,0.3211933719146146,0.6015746745998183,0.4699558523178015,-0.0013317095887556154
GFTT+BRISK 16,0,0.5243621256025423,0.2025864104099996,262395,149104,78578,0.29946454772385145,0.5270012876918124,48.0,0.0,0.0,48.0,48.0,48.0,1.0,338530,683.2869565217392,0.6065833597769957,1.0077524455486584,2.162570900092868,4.3976562053392785,0.5368423731833337,0.04603746260408925,0.0018580264196085417,0.8103184605403774,0.3616344349706731,0.7489032259419497,0.6139518753002816,0.030396686706053826
GFTT+SIFT 16,0,0.5163373913043477,0.20076435915330734,225703,148447,94027,0.41659614626300934,0.6334045147426354,48.0,0.0,0.0,48.0,48.0,48.0,1.0,343877,817.6260869565217,0.6093731916863216,1.041076250711153,1.7045437127291831,6.73316703809874,0.9960117838493199,0.09726055923049318,0.003796781775447478,0.7463129488208988,0.45915479968373013,0.6695581420627827,0.37511146384606514,-0.01241263991690522
GFTT+FREAK 16,0,0.5289214846077904,0.21338839114591576,215144,125769,75293,0.3499656044323802,0.5986610372985394,48.0,0.0,0.0,48.0,48.0,48.0,1.0,290028,654.7217391304348,0.6148135312066502,1.0232915144486132,1.9568899857870614,4.5758608188004315,0.6115309524125748,0.05133770869743056,0.002616445087856773,0.8010365049617829,0.42531889655568483,0.7449930816886368,0.5425860657689427,0.02927740791111457
ORB+SIFT 16,0,0.48011096034400375,0.20941075901716377,247988,137897,44465,0.1793030307918125,0.3224508147385367,851.2331499315426,349.827067421703,0.41096504224469715,496.0,1777.2581787109375,801.0059066911442,0.940994728360335,344299,386.6521739130435,0.5498324759733285,1.0333993242618937,1.926672760422751,5.7924375373001915,1.290340717418194,0.07364066003193703,0.00928820420555493,0.38662737037855954,0.2245202505121531,0.3245411388825959,0.49968920499980396,0.16149212571089686
SIFT+BRISK 16,0,0.45175080585930116,0.18137226832674436,255721,123985,64995,0.25416371748898214,0.5242166391095697,60.7581217043943,72.69795180494896,1.1965141410829874,28.758557319641113,4407.742431640625,59.04381326679377,0.9717847031884703,329344,565.1739130434783,0.6009279533736608,1.0100254197676388,2.3614628188332523,4.43139202490214,0.3564120316947457,0.04468150836262959,0.0013539503038695285,0.8091123645047712,0.3375931043895029,0.7473153231870343,0.5699860538121937,0.03313820868388195
SIFT+SIFT 16,0,0.45168919601198193,0.17528948241755726,253861,128747,71498,0.2816423160706056,0.5553372117408562,90.12686034654763,132.34273287083056,1.4684050055883262,28.776918411254883,7033.585205078125,87.14403635681437,0.966904161775258,340725,621.7217391304348,0.581112854081319,1.0031557985137276,2.0178683511322637,4.928074812594294,0.2752244818036868,0.06134065492533315,0.001328708495342527,0.7564777314247125,0.3544911891078875,0.7196932687894514,0.5096441956961403,0.007312730187991005
SIFT+FREAK 16,0,0.43927088314993784,0.1860587330061531,231056,111278,64452,0.27894536389446717,0.5791980445371052,54.938387199061026,78.11977715369979,1.4219525023667778,28.762207984924316,7033.585205078125,53.12416652581667,0.9669771763289884,308192,560.4521739130435,0.5860198530177351,1.0172253537893738,2.22138490032444,4.7440836853403505,0.42920312790914167,0.0510222630011772,0.001768758145596723,0.7989049301969332,0.3625911260730818,0.7352007560856888,0.5229722443665651,0.04882438796091766
SIFT SIG 4.8+SIFT SIG 4.8 16,0,0.41918861566315363,0.16455238709384995,215711,100302,50058,0.2320604883385641,0.4990728001435664,206.82484597982636,215.73799604383106,1.0430951611339485,86.36009979248047,7327.267822265625,198.8872221022686,0.9616215167962363,289497,435.2869565217391,0.5777048067764798,1.0262483188672213,1.9097804207106595,3.7297727051471643,0.2001078748651564,0.040415185131958964,0.0005793279795437293,0.6476217108066444,0.326006217393662,0.5992035330096692,0.43950610567839615,0.05693035379800242
