combination,speed [images/second],repeatability: mean [%],repeatability std,total number of matches,number of possible correct matches,total number of correct matches,ratio correct/total matches,ratio correct/possible correct matches, keypoint size: mean [pixels],size std,size normalized std,size min,size max,size unique count,size correct: avg,keypoint size correct/all ratio,total number of keypoints,correct matches per sequence: mean,correct matches per sequence: std,distance correct/all ratio,response correct/all ratio,distinctiveness all: avg,distinctiveness correct: avg,distinctiveness correct/all ratio,match rank: avg,match rank: std,match rank correct: avg,match rank correct: std,ratio rank >25 / all,ratio rank >25 correct / rank >25,Matching distance mAP [%],Matching average response mAP [%],Matching distinctiveness mAP [%],Verification distance AP [%],Verification average response AP [%],Verification distinctiveness AP [%],Retrieval distance mAP [%],Retrieval average response mAP [%],Retrieval distinctiveness mAP [%],distance-to-distinctiveness correlation,distance-to-average response correlation
AGAST+BRISK,0,0.37615304347826084,0.2083770601251237,271207,108144,56280,0.20751676763505367,0.5204172214824678,7.0,0.0,0.0,7.0,7.0,1,7.0,1.0,345000,489.39130434782606,332.79004206601303,0.6082369870538165,1.0131025826192865,0.319617228576009,0.7788918926387335,2.4369521508866447,3.908483188118301,8.128096435404053,0.18315565031982942,1.2691324115782379,0.041024014866872904,0.0005152807391613362,0.6676384109296604,0.30029824934994326,0.7117700479727227,0.6062205731342644,0.08175561069062239,0.6949997405707912,0.9097541308208575,0.6628977185890071,0.90286727999952,0.70120141541621,0.043492951976823936
AGAST+ORB,0,0.3773391304347826,0.20739720709857049,270542,108485,76605,0.28315381715223514,0.7061344886389823,7.0,0.0,0.0,7.0,7.0,1,7.0,1.0,345000,666.1304347826087,399.4941262394366,0.5676944424984327,1.0310196557109796,0.21965637019531195,0.5459570439115444,2.4855051707632954,4.178589645969942,8.398679298182103,0.20616147771033222,1.5455703901321827,0.044880277369133074,0.0008876705175902357,0.6651376931162613,0.4009117786727273,0.7813632797940332,0.5879309023904985,0.11996142750350106,0.776472724239552,0.8995176043460035,0.8116738221196269,0.9392293779904302,0.5651513486175076,0.01481699712481913
AGAST+SIFT,0,0.3759965217391304,0.20955610224448656,258704,108099,91181,0.3524529964747356,0.843495314480245,7.0,0.0,0.0,7.0,7.0,1,7.0,1.0,345000,792.8782608695652,412.03187187455984,0.5634224135978069,1.0456619593418577,0.5037790873027379,0.9311384140557232,1.8483070010728146,4.529292164017565,9.37682755270846,0.11699805880611092,1.1899191284981994,0.05718891087884223,0.0006141630383522883,0.8268667783489208,0.4739385740138264,0.8320587756651544,0.8098377115903376,0.15066948259080593,0.7833918647991844,0.9728818805675727,0.9151953950767778,0.9742421011929497,0.5727679313268,0.02427985971063842
AGAST+BRIEF,0,0.37751304347826087,0.20772135035928557,268516,108535,79799,0.29718527015149937,0.7352374809969134,7.0,0.0,0.0,7.0,7.0,1,7.0,1.0,345000,693.9043478260869,391.22294264352854,0.5390753521377781,1.0342951321918015,0.23376758631835418,0.5470416883810189,2.3401092383955886,3.867311445128037,8.11819873359181,0.15876138798731815,1.2629541642167386,0.0408765213246138,0.0005639168410631712,0.7226323476955256,0.41629844262817134,0.7956851686947247,0.6817454050860237,0.12683033164047064,0.7718548276112541,0.9333365006921869,0.8450101033796255,0.9530801501045985,0.616211356864827,0.015202137345858195
AGAST+DAISY,0,0.3759965217391304,0.20955610224448656,239699,108099,73779,0.30779853065719925,0.6825132517414593,7.0,0.0,0.0,7.0,7.0,1,7.0,1.0,345000,641.5565217391304,368.4179382713003,0.6166687071419529,1.0554927458982344,0.02008976637733112,0.020173675748047605,1.0041767220753333,5.180559785397519,10.090508886600393,0.37922715135743235,2.6542866937598157,0.06878209754734062,0.00356469998237981,0.66760636645042,0.41891472839989685,0.7452959716824794,0.44019654283191645,0.12722059147703318,0.4435166778887748,0.9281241596073673,0.8641460317739823,0.9605698341805752,0.4436228109707985,-0.13166633636529546
AGAST+FREAK,0,0.3767965217391304,0.20784699720893557,266322,108329,55981,0.21020043406102387,0.516768363042214,7.0,0.0,0.0,7.0,7.0,1,7.0,1.0,345000,486.7913043478261,317.3957753109754,0.6038972167672235,1.0113405504106754,0.29970355723029213,0.714109543477943,2.382719611596807,4.136413814855701,8.426472860003802,0.25689073078365876,1.616048283344437,0.045140844541569976,0.0009288865865204266,0.6206685460868123,0.29946794830685425,0.679358858154465,0.5484474515155071,0.08047490758121868,0.61189501587057,0.8926200868567027,0.6588978915952153,0.9005264145208666,0.6002849160496879,0.035935233474615434
AKAZE+AKAZE,0,0.45547757226068925,0.2136864616840323,255767,122923,81490,0.3186102976537239,0.6629353335014603,9.231133532011322,4.730256591084329,0.5124242407155039,4.800000190734863,64.58084869384766,112,9.531110467084538,1.0324962188048705,327462,708.6086956521739,337.7922102649645,0.559968385322861,1.0249302202047628,0.40667243407415044,0.8480299450070949,2.0852899630085813,3.2386664425043103,7.345623788168159,0.10277334642287397,0.837915132834592,0.031735915892198756,0.00017180022088599827,0.8517412904623322,0.4075285476758457,0.8667837372993534,0.7802333176203496,0.09906889102922926,0.8038269516771697,0.9764654326735291,0.7828017906529192,0.9771747906417786,0.7298574834323487,-0.044317449660333186
AKAZE+BRISK,0,0.45547757226068925,0.2136864616840323,246674,122923,71831,0.2911980995159603,0.5843576873327205,9.191078755102767,4.730917020199069,0.5147292441132142,4.800000190734863,64.58084869384766,114,9.599281133865036,1.0444128909825345,327462,624.6173913043478,342.97994826947803,0.6286816777065876,0.9951760137373159,0.3226691769381351,0.7117710203460667,2.2058847612907675,3.8633905478485775,8.069742531448645,0.2578552435577954,1.6368533711091118,0.03998800035674615,0.0009745096128412524,0.7571784359372986,0.3655408702433721,0.7988184904169114,0.6382206510181555,0.07494833061892528,0.6676994702647863,0.9241469621530749,0.6602180875528324,0.9426633483725883,0.6719787536189631,0.06976912572334126
AKAZE+ORB,0,0.45555442482804626,0.21367019636174162,250439,122873,66613,0.2659849304621085,0.5421288647628039,9.252000507231829,4.874911708331962,0.5269035280014831,4.800000190734863,64.58084869384766,107,9.27188062585526,1.0021487373036666,327336,579.2434782608696,346.8749828999127,0.6171314027398141,0.9852424570108471,0.1881291059661443,0.45490843172005724,2.4180651334298187,3.7140581139519004,7.734341966981419,0.25511536787113626,1.499866483774017,0.03634417962058625,0.0008857129989641661,0.6931793180071657,0.3352475307494054,0.7472337757135935,0.5794926317690648,0.07137782147438113,0.6455503896499744,0.8711735142124711,0.6400741724402412,0.9142448800771285,0.6671808866807508,0.058581744092579706
AKAZE+SIFT,0,0.45547757226068925,0.2136864616840323,245867,122923,89356,0.363432262157996,0.7269266125948765,9.284942114368743,4.882882945456206,0.5258926641987126,4.800000190734863,64.58084869384766,115,9.55891656234178,1.029507394294796,327462,777.008695652174,343.6415092518763,0.5802135877332618,1.0317260583201544,0.5038646710374368,0.925314577378129,1.836434722587206,3.9415252961967244,8.487791321960469,0.1248936836921975,1.1217673137488844,0.04448746680115672,0.00045883880209499084,0.8695476308244018,0.4552134836029625,0.8745540965418441,0.79044951558087,0.10553141151454974,0.789914116013794,0.9860048288110862,0.8416709959221084,0.9769287549436733,0.6184867303773085,-0.023287900414324176
AKAZE+BRIEF,0,0.45547757226068925,0.2136864616840323,247530,122923,84205,0.3401809881630509,0.6850223310527729,9.254782105628752,4.879239189950845,0.5272127570657007,4.800000190734863,64.58084869384766,109,9.108820088190999,0.9842284760708759,327462,732.2173913043479,398.3180896809832,0.5368257611340082,1.0318057953949582,0.21566543651050596,0.44204201388316927,2.0496655423115775,3.769777400719105,8.014978429521125,0.26142153078795793,1.4464054364018684,0.03967599886882398,0.0007362983195772222,0.7338444123996436,0.4324077314334372,0.7621490780763674,0.6944746931249642,0.10028669263190523,0.6352986544083995,0.9131184804462794,0.797336933711845,0.9289061278894432,0.5440325379334612,-0.0005745450865341555
AKAZE+DAISY,0,0.45547757226068925,0.2136864616840323,229096,122923,81781,0.35697262283060377,0.6653026691506064,9.271440166857097,5.251362629524432,0.5664020405693433,4.800000190734863,64.58084869384766,101,9.31811224141006,1.005033961683731,327462,711.1391304347826,379.4536320864404,0.5883652183439453,1.0427524430124955,0.020110656214748297,0.020189430083167866,1.0039170212835622,4.646401508537905,9.460979094195283,0.40406695931817904,2.4034570731984393,0.05873956769214653,0.002787933627615216,0.7300869707852368,0.443862047149229,0.7326236809352145,0.5902168522577226,0.10304877231415871,0.3884417812697382,0.9224195181313849,0.8630787195959055,0.9547524244888995,0.524852014934868,-0.13661784383515796
AKAZE+FREAK,0,0.45547757226068925,0.2136864616840323,243699,122923,73711,0.30246738804837114,0.5996518145505723,9.193871755329056,4.735695851622854,0.5150926592899119,4.800000190734863,64.58084869384766,112,9.678850343839322,1.052750201592616,327462,640.9652173913043,340.0246520585845,0.626078389304438,1.0087416074603508,0.23554065757475368,0.5100994498990438,2.1656535018254894,3.9837873770511982,8.313023052929369,0.2850727842520112,1.7226802256702325,0.04347165971136525,0.0011531521753876627,0.7387845499127981,0.3769082513275043,0.7622176860477382,0.6159862292368844,0.07993423799712047,0.5227045096328551,0.9121560802934662,0.6734862992060191,0.925637204586137,0.526205000954471,0.08951506945782592
BRISK+BRISK,0,0.44452102495670787,0.1894318245974727,264832,124898,74468,0.281189584340261,0.5962305241076719,21.201124604843617,11.203122354623334,0.5284211363044329,8.399999618530273,72.0,247675,22.271243416636153,1.0504746248955141,338095,647.5478260869565,337.18580204980424,0.6081180488812937,1.014303955143119,0.34555662534608506,0.771780316990984,2.233440948261442,3.7249388291445142,7.81982128412173,0.21646881882150723,1.3056052107879144,0.03708388714354761,0.0004968577106945265,0.8168262376779375,0.3901488919492209,0.8240067425825671,0.7361673492183363,0.1077971788053702,0.7391737210270345,0.9475629249270748,0.6824170089844261,0.9447857292310362,0.6925110759941796,0.05059858051769402
BRISK+ORB,0,0.4460274059906915,0.18893250992074,266283,125162,64854,0.24355291175178287,0.5181604640386059,21.341191819156958,11.356518147921843,0.5321407653403708,8.399999618530273,72.0,248864,22.11435964741517,1.0362288964369917,337835,563.9478260869565,323.2695427625108,0.6314297322964781,1.0056107730643566,0.19597224345405723,0.5032815872038469,2.5681268853863672,3.4918751854230274,7.412980810320484,0.22926881919388165,1.392269926290065,0.032867287810337126,0.0006784469732013446,0.7357044180735374,0.34107014801780994,0.7850322523782652,0.6311084126895428,0.09084546632510909,0.7035469267494239,0.8824337487223411,0.6124418037037357,0.9110850872519248,0.8053262974638757,0.054549136819028204
BRISK+SIFT,0,0.44452102495670787,0.1894318245974727,252374,124898,80558,0.31920086855222807,0.6449903120946693,20.898199303991134,11.803643875502836,0.5648163128221568,8.399999618530273,72.0,235294,21.812958563098327,1.0437721569117437,338095,700.5043478260869,337.23021098129345,0.638844875394441,1.019183534142478,0.4133740374957823,0.8423983131181199,2.037859750992985,5.371813261270971,9.95420472199452,0.2823183296506865,1.6963436546998425,0.0671978888475041,0.0012537550584671914,0.8125089618946226,0.41951326179555004,0.8167545185519959,0.7371573346992651,0.12358204294335784,0.7094100345736629,0.9613994456563549,0.7664269044268551,0.9577266202955027,0.5916963632196596,0.042257558895035095
BRISK+BRIEF,0,0.44586990638912205,0.18901818540114235,255950,125163,77037,0.3009845672983005,0.6154933966108195,21.390298849300706,11.69565697495276,0.5467738930321264,8.399999618530273,72.0,238768,21.44823988308108,1.0027087528878667,337929,669.8869565217391,377.271572471456,0.5410058510490843,1.0145280362019236,0.18445935667461605,0.4123023768063228,2.235193617928631,4.5976323500683725,8.846928574648889,0.3632410400197308,1.75801715665126,0.05153740965032233,0.0010514428131936603,0.6959837421176284,0.39795141900620146,0.7475475880562965,0.6571289300686879,0.11632937349347683,0.6435067782164929,0.8857533209541719,0.7569485446340035,0.9152714832112215,0.579608699381114,0.03347990624118054
BRISK+DAISY,0,0.44452102495670787,0.1894318245974727,231096,124898,77304,0.334510333367951,0.6189370526349501,21.135659214512444,12.136916590669939,0.5742388476029331,8.399999618530273,72.0,215415,21.420976939099454,1.0134993529982306,338095,672.2086956521739,379.576961220782,0.6208478001167362,1.0224336816358146,0.020097873665682164,0.020182996586758317,1.004235419253406,5.634805448817807,10.40756425214869,0.5885335817034048,3.01130643084602,0.07443227057153737,0.004242988719859257,0.6962354018343372,0.43215592236869177,0.7521880178464491,0.5463990168262296,0.12044545085846148,0.45474647962859155,0.9096555287849529,0.8245893276267157,0.9355346941803652,0.5967945087680767,-0.06629582858824216
BRISK+FREAK,0,0.4417983536222466,0.18890964762653284,256647,122266,79922,0.31140827673808774,0.6536731388938871,19.57487541469129,9.638696572059306,0.49240142620909316,8.399999618530273,72.0,240923,20.603178185972258,1.0525317658220805,333677,694.9739130434782,352.10656640011615,0.5981690412846983,1.0234098898438628,0.34635508357574496,0.7356880996328159,2.1240863337059324,3.9261320023222557,8.182969131348553,0.22540727209028802,1.3562068110755512,0.041492789707263285,0.0005755611721428393,0.8166086103318474,0.4233959931722702,0.8228518625388426,0.7259188878761459,0.12294783221853732,0.6927396530206904,0.941873655750859,0.7214177763043789,0.9402616144169258,0.5959628781690094,0.04659322576906281
FAST+BRISK,0,0.37712695652173905,0.2107953210114078,270725,108424,58225,0.2150706436420722,0.5370121006419243,7.0,0.0,0.0,7.0,7.0,1,7.0,1.0,345000,506.30434782608694,355.67917086862434,0.6085848991414069,1.0133471672835879,0.32256447998308824,0.7801366694709276,2.418544873607378,3.9162360328746884,8.15933294676597,0.18650064405324174,1.308884260672259,0.04171022255055869,0.00046371833404894807,0.6712582938873269,0.3067221801172183,0.71291354317307,0.6158941380185998,0.08213376628241514,0.6972582491534316,0.9049149547847163,0.6548551521175001,0.9054417253899466,0.7018014977138876,0.041452278637702664
FAST+ORB,0,0.3798226086956522,0.2102303246486823,269485,109199,77737,0.2884650351596564,0.7118838084597844,7.0,0.0,0.0,7.0,7.0,1,7.0,1.0,345000,675.9739130434782,414.40222974197775,0.5605785791258483,1.0314213404992525,0.21900188488124572,0.5408532292922464,2.469628193316808,4.283733788522552,8.537866451391709,0.2037125178486435,1.4958424554139627,0.046622260979275285,0.0007718332325662168,0.6723023116358419,0.40443050595623586,0.7843792705511615,0.6026124311596616,0.12051948366980153,0.7706733968424309,0.8975487118208478,0.810693834033763,0.935890361892639,0.55194142060372,0.014334519087610216
FAST+SIFT,0,0.37632000000000004,0.21104024392641738,256670,108192,90749,0.35356294074102934,0.8387773587695948,7.0,0.0,0.0,7.0,7.0,1,7.0,1.0,345000,789.1217391304348,419.32527890339526,0.555700648460935,1.0459141296999943,0.47790630873397205,0.9087123640737034,1.9014445874987198,4.858094050726614,9.726908516453175,0.13193533813044772,1.2310351022916606,0.06241477383410605,0.0007162613362130712,0.8300174107462565,0.4709028523748467,0.8211964856821454,0.8174784587911524,0.15174977594883443,0.7318512975000591,0.9715048905420295,0.9189969216247019,0.9726173563571431,0.5052740826197912,0.028039475533246216
FAST+BRIEF,0,0.37940173913043473,0.2103904866350678,266735,109078,80353,0.30124655557013513,0.7366563376666239,7.0,0.0,0.0,7.0,7.0,1,7.0,1.0,345000,698.7217391304348,403.4605427144148,0.5311446353787213,1.034449469067453,0.22769644787870236,0.5307224515455649,2.3308332496618016,4.0509719384407745,8.356642350171533,0.17009943623760157,1.3412310991281327,0.044058709955573885,0.0005849190447151942,0.730082652923424,0.4186026636156438,0.7976462157134411,0.6939591063334639,0.12792751570091632,0.7591837931486661,0.9368853546656233,0.843814050506534,0.9534320059993633,0.6029605872316242,0.021806737463655367
FAST+DAISY,0,0.37632000000000004,0.21104024392641738,237818,108192,75292,0.3165950432683817,0.6959109730848861,7.0,0.0,0.0,7.0,7.0,1,7.0,1.0,345000,654.7130434782608,382.1854492990996,0.6198634338423623,1.0501136521542016,0.02009293262172316,0.02018010370426488,1.0043383952050622,5.2833048802025075,10.218455292102428,0.3766668437549806,2.5898755474566086,0.07104592587609011,0.0033735323805982043,0.6783095227134707,0.4260517434679312,0.7542105922528564,0.4582938029793048,0.12793416862041954,0.4726752722397506,0.9294757300708124,0.8616697492948994,0.9551746747930705,0.4852987524625616,-0.09595783407325097
FAST+FREAK,0,0.3785495652173913,0.21051470809874048,264956,108833,58809,0.22195760805567716,0.5403600011026067,7.0,0.0,0.0,7.0,7.0,1,7.0,1.0,345000,511.38260869565215,342.99744155741723,0.6055812118577578,1.0117835447266617,0.3052447588643201,0.7161914897737971,2.3462859524220065,4.1138641887709655,8.436682180287365,0.2526484041558265,1.6133094662041845,0.045158441401591205,0.0010882688023941913,0.6253166876982961,0.3115150599630306,0.6861986724903476,0.560028492365799,0.08262022079870684,0.610316515370212,0.8894575904022524,0.6552237101141469,0.8977296320719018,0.603590822670907,0.034333199446949896
GFTT+BRISK,0,0.28426086956521734,0.22014242373899368,271677,81725,50171,0.1846715032925128,0.6139002753135515,3.0,0.0,0.0,3.0,3.0,1,3.0,1.0,343603,436.2695652173913,382.6934139408777,0.5708051742377902,1.0126192077706904,0.3338871562914339,0.823215266620905,2.4655493663324997,3.798713177780968,7.975316761167376,0.12850052819357796,1.0125929408347791,0.038965389046551606,0.0003787048294831676,0.6037293514559975,0.2602145421094775,0.6389221664310141,0.6415986311707076,0.08366393588277461,0.7161210678051253,0.9185859277862697,0.6872769592602068,0.9181543022325335,0.7242514341487919,-0.026092437453565848
GFTT+ORB,0,0.28580173913043483,0.21963282164740658,266496,82168,62351,0.23396598823246878,0.7588233862330834,3.0,0.0,0.0,3.0,3.0,1,3.0,1.0,343171,542.1826086956522,431.0676247282401,0.5067688674911567,1.054892237704166,0.22108521591852057,0.5769722029447963,2.6097276588473264,4.335322106147935,8.632645625324209,0.14264406344725827,1.2195667283584477,0.048117044908741594,0.0004971852897307181,0.5809183167167369,0.3278469000964781,0.6608041422424027,0.62253006379348,0.11067516256948239,0.7361623030444364,0.9040525080692748,0.8291097223678718,0.940645160960507,0.5134889215764584,-0.015941428551568257
GFTT+SIFT,0,0.28450434782608697,0.21989759568897532,263620,81795,66966,0.2540247325696078,0.8187052998349532,3.0,0.0,0.0,3.0,3.0,1,3.0,1.0,343877,582.3130434782609,439.7247432540812,0.5064014507472009,1.0704930208280585,0.5072027806395484,0.9486280630429502,1.8703132144638372,3.9661899704119565,8.55014432339374,0.08369919063405311,0.8263847269513084,0.045884227296866704,0.00020906131469701042,0.6721039572530978,0.3542438395654699,0.6811409060358711,0.7499478435910126,0.12308886116723891,0.7152222106093098,0.9598083163987061,0.8852738704234571,0.965301963543112,0.5793219784893272,0.037451798556940134
GFTT+BRIEF,0,0.2858052173913043,0.21984137437211929,263692,82169,62176,0.23579024012863492,0.7566843943579695,3.0,0.0,0.0,3.0,3.0,1,3.0,1.0,343243,540.6608695652174,416.6618248590768,0.4771388514798037,1.0563661770193036,0.22597507297378178,0.5587036123038551,2.4724125760927507,4.168207605843181,8.546352783271466,0.12101132269686052,1.100077130302679,0.04655810566873474,0.0004181677817807514,0.6099487463779049,0.3285023658236035,0.6605818047680725,0.6758076596952206,0.11213078338187005,0.6998189123338578,0.9384783574295393,0.8645388949935521,0.9582391468407704,0.5418048510762562,0.003941122702237413
GFTT+DAISY,0,0.28450434782608697,0.21989759568897532,234531,81795,58270,0.2484532961527474,0.7123907329298856,3.0,0.0,0.0,3.0,3.0,1,3.0,1.0,343877,506.69565217391306,385.94050395079296,0.5684456852396437,1.0949197618583244,0.02009320739499915,0.020188264610875608,1.0047308134539097,5.474163330220739,10.458060763258308,0.31927235284022654,2.4257650284019734,0.07536317160631217,0.002883130255706195,0.5899694832380207,0.34223964237479415,0.6172941759975308,0.484402067484499,0.11718619400599943,0.40468795572152627,0.9294229957511684,0.8680232377138918,0.9603862727278086,0.49511691749581055,-0.12433571293791588
GFTT+FREAK,0,0.2853495652173913,0.2199523772068431,264695,82038,51407,0.19421220650182286,0.6266242473000317,3.0,0.0,0.0,3.0,3.0,1,3.0,1.0,343355,447.0173913043478,373.7976663245993,0.5752413450737109,1.0185560289968079,0.32138924144257636,0.7639699385209991,2.3770862244544055,4.00402727667693,8.329285387004868,0.17520960180520162,1.2517685438048576,0.04354067889457678,0.0006030307156612912,0.5661504915789791,0.2697274437887349,0.613888650202994,0.5911970373847412,0.08480087366024733,0.6509555102936114,0.9075459357121645,0.7053684741241539,0.9149985896084306,0.614490230389621,0.0008000745760023922
KAZE+BRISK,0,0.41808695326965106,0.19862235213444837,252328,115955,64952,0.2574109888716274,0.5601483334052003,11.48175761657705,7.085548126202642,0.6171135433108882,3.2326639890670776,39.32971382141113,248735,11.487446086776933,1.0004954354890465,333681,564.8,317.72934065497236,0.6070031513765763,1.0228569565149532,0.3080687828178237,0.7235847596766971,2.348776637016768,4.134404425985226,8.32446920515331,0.2514164305949009,1.604963518719895,0.043384008116419896,0.0009545510530853553,0.7345131653803285,0.32381863024543894,0.7880354182247196,0.6353451916410706,0.07260657629515861,0.6629376546481524,0.9293014581534058,0.6552910925999096,0.9461774348283324,0.635350756721253,0.034223189787347306
KAZE+KAZE,0,0.41781500682240924,0.19863687168341512,249873,116086,72412,0.28979521596971264,0.6237789225229571,11.540308613146138,7.099569839664625,0.6151975720629475,3.2326639890670776,39.25209999084473,246256,10.115534458324435,0.8765393368077979,334199,629.6695652173913,306.3346769321347,0.5556819211809645,1.0307960850129532,0.02030406087061523,0.020627162359192663,1.0159131461748638,4.819060082521921,9.466072337181576,0.15863392807821908,1.30103263193293,0.05909401976203912,0.0006076340937966083,0.8202950464259774,0.3543906940364505,0.7778162286385956,0.7561467838288282,0.08847671850671808,0.6485481814477548,0.9649660097353226,0.7247830319518762,0.9472448605404199,0.7856964294693667,-0.053583015675659595
KAZE+ORB,0,0.4194436076273312,0.1985883850055047,252178,115374,73404,0.29108011008097456,0.6362265328410214,11.766650568316322,7.2070877878212105,0.6125012165507406,3.225247383117676,39.55173110961914,248655,11.345884690945184,0.9642408113567916,331874,638.295652173913,351.0494818066943,0.5597475432086083,1.0504424740482385,0.2090308942929348,0.4785437861523305,2.289344777340433,3.9561024355812164,8.196160188005528,0.22147294425371913,1.3849465213501893,0.041974319726542364,0.0006130456105934281,0.6752362178415613,0.3716044565680107,0.7605359184996987,0.5882298265326511,0.09118427923083318,0.6920961910734321,0.9019243886320256,0.7633577708650741,0.9299487517185875,0.5655052992871995,-0.014026259708235825
KAZE+SIFT,0,0.41781500682240924,0.19863687168341512,251610,116086,99610,0.3958904654028059,0.8580707406577882,11.646360822703443,7.3733513836039615,0.633103464322549,3.2326639890670776,39.44748497009277,247709,11.510673137929901,0.9883493490508184,334199,866.1739130434783,367.16912963136394,0.5731904447521592,1.088337177429063,0.5389784390067859,0.934105811980881,1.7331042289970349,3.870382735185406,8.556930265620677,0.09263126192149383,0.8748989434737825,0.04548308890743611,0.00028109627547435,0.865590159214647,0.507495651472804,0.8687012168181505,0.8234315824870728,0.13182011806333752,0.7981490029286125,0.9828232840484216,0.9366545132086288,0.9801618223698705,0.6177536339564317,-0.027439846519778953
KAZE+BRIEF,0,0.4194512883773028,0.19836413689517482,251943,115567,70870,0.2812937847052706,0.6132373428400841,11.75532720148416,7.141140112284035,0.607481186179355,3.2326639890670776,39.32971382141113,248399,11.076037340374782,0.9422142957429874,332226,616.2608695652174,347.99058175552426,0.5243976709017019,1.0470603792536237,0.19979906114916182,0.44226338106697866,2.2135408370953398,3.875356727513763,8.048467063738359,0.24575984196415973,1.3789862025046966,0.04019956895011967,0.0005644137152532807,0.6752110901143412,0.3530921219390882,0.720651487685086,0.6475152915181062,0.08716503799282985,0.623470762426761,0.9091760731046147,0.7488892780380222,0.9258584833973396,0.5920854708209281,-0.014449567123708307
KAZE+DAISY,0,0.41781500682240924,0.19863687168341512,234400,116086,72631,0.30985921501706487,0.6256654549213514,11.678767327694763,7.569384249766784,0.6481321219420921,3.225247383117676,39.55173110961914,230747,11.093302619982296,0.9498693062987813,334199,631.5739130434782,354.23023858525454,0.5773028873553437,1.0545750365983035,0.020102833853262062,0.0201856245255671,1.0041183582826858,4.924121160409556,9.662294865113852,0.39867274304360395,2.3064024190094523,0.061437713310580205,0.0023268301413996778,0.6806079792239175,0.3804665623910616,0.6897709983186833,0.5354209490471482,0.09504959924402887,0.4492961715227531,0.9187577882748073,0.8366605917090606,0.9520160407171251,0.5290388324336427,-0.1354075850444226
KAZE+FREAK,0,0.41819618062513053,0.19987352678772538,246679,114898,65729,0.26645559613911196,0.5720639175616634,10.983647416226663,6.769883250133079,0.6163602120122328,3.2326639890670776,39.32971382141113,243074,11.22421429441238,1.0219022760900278,331236,571.5565217391304,310.3268456855112,0.6028948247165188,1.0330801849873141,0.23772603281627921,0.555218867734371,2.335540879376296,4.250260459949976,8.55961924357441,0.265590530815926,1.7075355925448488,0.04705305275276777,0.001186690806189049,0.7092238281815165,0.3350304846002636,0.7601747157729654,0.6071237550665624,0.0775539949048881,0.5520705259771,0.9217542207712499,0.6804795952873898,0.9336389236986566,0.5067318916682455,0.0601161520620137
MSER+BRISK,0,0.27665522936578085,0.13294360308030279,232814,66620,32154,0.13811025110173786,0.4826478534974482,20.269386641003194,11.411109889155261,0.5629726291801838,1.500690758228302,247.10041427612305,229784,22.042149367841937,1.0874601071180219,295887,279.6,178.69686744535454,0.6093996884721515,0.0,0.2690131527713147,0.7265921074262344,2.700953837911051,3.881660896681471,7.537058882982792,0.28235989301486597,1.5126249664366431,0.03353750204025531,0.0006842072525968775,0.6426565599318389,0.1433952703751349,0.6642667064172527,0.5276082489757115,0.05705311596506365,0.5825317602328873,0.8586620027796255,0.5002406773405056,0.8777767891591864,0.6413942421074449,0.4111201762757521
MSER+ORB,0,0.28146550818917376,0.13292661095960992,231184,67943,32053,0.13864713821025676,0.47176309553596396,22.345113561762947,14.306218462946227,0.6402392372454571,1.497372567653656,308.6094055175781,228359,20.144850164548664,0.901532682251417,297548,278.7217391304348,194.22217434080764,0.5914638276354004,0.0,0.13676045121907646,0.41057911866430546,3.002177274236973,4.7291075506955496,8.446520287588202,0.43970923158518704,1.9580884352081855,0.045907156204581634,0.001310329766324525,0.49769108422506303,0.14623868553232514,0.5984521585501577,0.37734853889845615,0.05593211484353427,0.5282736282973726,0.7469092994894919,0.4956099522820686,0.8236019120575403,0.5864909941346779,0.4393253860383702
MSER+SIFT,0,0.27340518510967293,0.13421241156925362,218723,69021,56756,0.2594880282366281,0.8223004592805089,22.862187328644403,16.87497393418906,0.738117210379347,1.5025712251663208,341.4043502807617,215914,23.74804340488408,1.0387476518981091,309559,493.5304347826087,257.98716927108336,0.5737233472500535,0.0,0.3435048254846353,0.7576864878259045,2.2057520931675976,6.776616999583949,11.277625833386335,0.3643667629854112,2.0409978612780884,0.0941236175436511,0.0016738318415674114,0.7587305295854745,0.26170567167494496,0.6893168874820131,0.7032591783286684,0.09967954540500083,0.5695720566248653,0.9662120811610844,0.8868551584615093,0.974879065966669,0.3749493243729146,0.5121179121127147
MSER+BRIEF,0,0.2807194177064479,0.13290495783621453,232077,68202,37415,0.1612180440112549,0.5485909504120113,22.3404831408878,14.429699676337629,0.64589917708307,1.4835934042930603,277.9753212928772,229157,20.54881889103059,0.9198019022884026,298849,325.3478260869565,212.46204954126304,0.5743058739672324,0.0,0.1487976042203667,0.40677357532308484,2.7337373975501658,4.322720476393611,8.121817229594194,0.3912869170118936,1.7669025615936305,0.041270785127349975,0.0010156354403314178,0.5793109822496052,0.16875148480088442,0.6145440040101263,0.5176915953262846,0.06587621743297153,0.5359098321883295,0.8341080168549743,0.5843156453526761,0.8690432861284442,0.624559624391492,0.43627848975870204
MSER+DAISY,0,0.2734231172337939,0.13404357641225662,205364,69061,36610,0.17826882997993806,0.5301110612357192,22.17056000830879,14.548462474814748,0.6562063596662632,1.485873818397522,304.3230972290039,202718,21.47812766203689,0.9687679361273509,309594,318.3478260869565,204.95140647727507,0.6917549428589062,0.0,0.020046985997211737,0.02011550057363801,1.0034176996200728,6.7015104886932475,11.046148773051119,0.8318765364654466,3.586600606183371,0.08905163514540036,0.006446326140398798,0.3939725697866745,0.17677036038981658,0.570113184376937,0.13813803736331107,0.06415730255464114,0.20688232978227974,0.7476145907906631,0.6533680586207893,0.8965725117663352,0.18695849787565127,0.41465674228813854
MSER+FREAK,0,0.27508334273211416,0.13374159777292907,217846,63324,34760,0.15956225957786693,0.5489229991788264,18.705270352717953,9.162218996923768,0.48982018565652324,1.4970753192901611,260.04897117614746,214860,20.319547677580246,1.0863006679092309,283452,302.2608695652174,200.12579030966984,0.5923519281286226,0.0,0.25305750694657875,0.656074587367632,2.592590890837044,4.342769662972926,8.247004477371991,0.3477560414269275,1.857358123626812,0.042318885818422185,0.0013233601841196778,0.631066403828894,0.1635363016589915,0.6384119606710192,0.5127092365521585,0.06555785123966942,0.5296613038267864,0.8642269565312829,0.5713028623391209,0.8717768432005626,0.5028775310908927,0.41006786471553125
ORB+BRISK,0,0.484713928667649,0.2113526524513704,232022,121395,81772,0.3524320969563231,0.6736027019234729,51.8953094080848,18.03248973314752,0.3474782198781578,31.0,111.0786361694336,36,53.579558699376975,1.032454749966859,299751,711.0608695652174,344.46809120746354,0.615909520526027,1.000320830735816,0.3239240958345411,0.664619611739935,2.05177577181359,4.221849652188155,8.345855914186151,0.538827471506139,2.3730902922807893,0.04371568213359078,0.002347991977694076,0.8697130175297253,0.39556029653337094,0.819327323371397,0.7877101101872576,0.09830425216673241,0.6980433914975455,0.893320523781702,0.5659108919526997,0.9024408480843122,0.6581406379500346,0.05039747109829854
ORB+ORB,0,0.49094727185857623,0.2100743486626087,271819,140989,82420,0.3032164786126062,0.5845846129839917,53.91114958902687,18.739252649326264,0.3475951225707209,31.0,111.0786361694336,36,55.870860068180754,1.0363507455154095,344299,716.695652173913,372.9204874783583,0.6249478056309296,0.9849271771294373,0.2060247836965094,0.4795463032637675,2.327614642567356,3.661631453283251,7.627112252563949,0.3877335598155787,2.026223970734696,0.03507848973029847,0.0017471487503033245,0.8064825819243842,0.34662971637703455,0.8255082489593152,0.700069042166363,0.07934065744396826,0.7177024090410299,0.7988630513279972,0.40514182698841994,0.8531500920092323,0.7708928736191855,0.014363316907772948
ORB+SIFT,0,0.49094727185857623,0.2100743486626087,252171,140989,92555,0.367032688136225,0.6564696536609239,52.758547287932466,22.070626971485265,0.41833272722680725,31.0,111.0786361694336,36,53.17021020012732,1.007802771936615,344299,804.8260869565217,402.0854389169495,0.6618491458231207,1.0131484542004832,0.3711741842598728,0.695669628201276,1.8742403370225011,6.253744482910406,10.846662950572481,0.7709470044838205,3.0646749374983413,0.08451011416856022,0.004213710766571228,0.7673589112416476,0.4026025730982079,0.7188265993388686,0.6908516416756707,0.09433643695359684,0.4543088166507895,0.8846163548369326,0.6035026070568645,0.8499412354991506,0.47236643838120995,0.22267866085799473
ORB+BRIEF,0,0.49094727185857623,0.2100743486626087,254959,140989,83772,0.32857047603732364,0.5941740135755271,54.138052151598046,19.445744913236176,0.3591881152056221,31.0,111.0786361694336,36,54.17356398373946,1.0006559495720677,344299,728.4521739130435,393.69905177030756,0.5548498659153934,1.0316831394098605,0.13423206338719137,0.27044979292888566,2.0147927857502665,5.599923909334442,9.789490009994559,0.8886859571217113,3.018930303519364,0.06719119544711111,0.003998949529675787,0.7016242817476761,0.37722561767547563,0.7124965084238313,0.661230024092679,0.08955499282258869,0.4903290020666068,0.8119106181714878,0.5658485735822358,0.8650164271613595,0.580528335787151,-0.038776696253639706
ORB+DAISY,0,0.49094727185857623,0.2100743486626087,233776,140989,84831,0.36287300663883376,0.6016852378554355,54.03972446556234,20.773818758918363,0.3844175551294087,31.0,111.0786361694336,36,54.32150735093004,1.0052143656940233,344299,737.6608695652174,395.42744922329786,0.6393292249424424,1.0354587361222058,0.020097762828710564,0.020176178259556976,1.003901699483407,6.2432499486688116,10.768919059228198,1.0553453336634013,3.6623713702906042,0.0825876052289371,0.006106258325376337,0.7269504803253868,0.4119126270805129,0.7457280322703405,0.6066117693382003,0.09264284044147025,0.4424833025924575,0.8711774467842918,0.6997765765364113,0.8989366540930817,0.7016339652072379,-0.10169810951739401
ORB+FREAK,0,0.4581498622313554,0.21993970408971517,139404,73272,54451,0.39059854810478895,0.7431351675947155,45.51277915581286,14.194187734312148,0.3118725772758985,31.0,111.0786361694336,36,47.03781229393867,1.033507800806997,193541,473.4869565217391,300.69988982856506,0.5841364756654054,1.0126198241883657,0.32353405623189285,0.6139837880886744,1.8977408290167816,4.451622622019454,8.70746042348198,0.5763530513672843,2.452087431634814,0.04824108346962785,0.002387467631448458,0.8707447036360154,0.4274231536484769,0.7988785778082873,0.812789606063886,0.11204008241453745,0.5443004181549213,0.8959036052054199,0.6340101401510365,0.9010582289152785,0.5845075285115948,0.03510916602667959
SIFT+BRISK,0,0.27283302193102094,0.17757763488750797,257534,77740,48655,0.18892651067431873,0.6258682788783123,5.499037821538467,7.1193151670080255,1.29464742706866,1.7983053922653198,439.5990753173828,229720,6.946445328999908,1.2632110479022856,340059,423.0869565217391,305.4007649321986,0.5201927838150584,0.9758603582584602,0.25522995246030683,0.6396904555209569,2.5063298776441263,4.591160778770958,8.736577316037392,0.20674134210255884,1.471486879876458,0.049387653669030106,0.0007399034015003596,0.6835163639296846,0.25847725795407733,0.6192296557671707,0.6710215762776955,0.0754674139201556,0.516555432687328,0.919260849382187,0.6855196813531205,0.916076635588163,0.5210601607534959,0.005233951318017359
SIFT+SIFT,0,0.27175587383890226,0.17722924196958437,257846,77518,63097,0.24470808156806775,0.813965788591037,5.6750049109781555,7.738204944722895,1.3635591626984376,1.7983146905899048,439.5990753173828,238935,7.00609696722107,1.2345534633226396,340725,548.6695652173913,326.76314309055675,0.5086534499354445,1.0002068960028885,0.4893938256997474,0.95797570489562,1.957474031320037,3.930830805984968,8.399781983923466,0.06323597001442224,0.7373370456024384,0.043235109328824184,0.0001901833684644278,0.711608083170338,0.324190326389285,0.7828390420658068,0.6916727310250383,0.09237806770037801,0.7802800287653451,0.9751445091233493,0.8013442101377156,0.9683106708545909,0.5740242217218201,0.03490549743776016
SIFT+BRIEF,0,0.2746904793276995,0.17773517570830186,256180,77973,56801,0.22172300726051994,0.7284701114488349,5.77611507361695,7.544970028432389,1.306236100263113,1.7998549938201904,275.48390197753906,229654,6.231566444109389,1.0788508131655417,339222,493.9217391304348,333.7157641864415,0.48641124422829,0.9997812339425433,0.17845652313113156,0.45621271821054454,2.5564362131795826,4.714880162385822,8.911473400804235,0.20663368602665447,1.5845159085266256,0.05208447185572644,0.0010387141071460009,0.6381240634320876,0.30545386764039256,0.6648764029828318,0.6572352059461867,0.10328614153067069,0.6343680867659792,0.9138314352147956,0.8074819492547891,0.9362435843965022,0.5436284507055111,-0.016013178157924485
SIFT+DAISY,0,0.27175587383890226,0.17722924196958437,229655,77518,55544,0.24185843983366354,0.7165303542403054,5.716204953662653,8.42385104537376,1.4736789729654787,1.7984477281570435,275.48390197753906,203786,6.511366947596842,1.1391066276279491,340725,482.9913043478261,326.7086854397614,0.5455545228443087,1.0072075619195742,0.0200896459122986,0.020184524306285458,1.004722750933543,5.975406588143084,10.668142598073269,0.40191559844447644,2.635010750230415,0.08025516535673075,0.0032586778049834364,0.6108249520341325,0.3235390177713811,0.6343898342252358,0.48343769906078365,0.09733027531001409,0.39649221559211284,0.9200572417418169,0.8678659037968525,0.9563659586712489,0.4974472333329706,-0.09123091655356513
SIFT+FREAK,0,0.27156217984305925,0.17795852481175148,251860,77106,48850,0.193956960215993,0.6335434337146266,5.2055217295939515,6.067592103507526,1.1656069110253853,1.8006306290626526,439.5990753173828,224906,6.471339022511714,1.2431681892175102,339031,424.7826086956522,298.4943021117735,0.5355933622469214,0.9820003122086187,0.22112898655062854,0.5452635896867023,2.465816889012249,4.9209243230366075,9.162852719690934,0.27717502558853635,1.7895011121452575,0.05545938219645835,0.0013306038894575231,0.6393014253351046,0.2609964041897657,0.5840047192715112,0.5825685733488648,0.07878391384039442,0.4393086975359844,0.8913658529936326,0.6838612543703037,0.8989879239815735,0.4236602653727614,0.0321159432784325
SIFT 3.2*+BRISK,0,0.334892053962979,0.17737654378744516,235646,88255,54630,0.23183079704302215,0.619001756274432,9.040939903121778,8.623234091051081,0.9537984085120988,3.595988392829895,442.3852844238281,211825,10.204802221892278,1.1287324472059177,314477,475.04347826086956,283.0273113662462,0.5824403918827962,0.9980048152816177,0.25584839255653335,0.6236070352031592,2.437408454951947,4.314887585615712,8.37519229043641,0.23507230459454512,1.6152372653806077,0.04415097222104343,0.0009152480322167307,0.7520677572970378,0.30773277121674203,0.732682779471517,0.6743525548669673,0.08047930066182832,0.5673817157856992,0.9324110748072824,0.6743958428077372,0.9364813796373772,0.5832924504453014,0.07981524879675457
SIFT 3.2*+SIFT 3.2*,0,0.3355921116907646,0.17705623393760617,241659,89288,75026,0.31046226294075535,0.8402696890959591,9.503496039142073,10.25630306521909,1.0792136938844852,3.593386650085449,442.3852844238281,223487,10.471132974574044,1.1018190496893525,317218,652.4,318.6887482495571,0.5108098134703847,1.0218215116322285,0.5243116004208647,0.9592169794604576,1.8294788417622165,3.4493066676598017,7.756337465913953,0.05840641910804255,0.6598054677638554,0.03569906355649903,0.00015994455255511424,0.8316086372307538,0.4016811336623291,0.8733549796732241,0.7870218344769668,0.10866593920010549,0.8321182484357975,0.9835708400014408,0.8397023528060422,0.9738736935771195,0.6264797610224898,0.02660922659135922
SIFT 3.2*+BRIEF,0,0.3367710047893289,0.17719113950669352,237824,88049,62847,0.26425844321851455,0.7137730127542619,9.618605151868238,9.857252466533398,1.0248110106296242,3.595988392829895,442.3852844238281,215125,9.34350612303453,0.9713992804060291,312582,546.4956521739131,317.53625945402354,0.5093144072724947,1.0171724224227254,0.19545039687014748,0.4634164614685499,2.371018268008085,4.202548943756728,8.307830047127831,0.20874504749630055,1.4604130372294304,0.04340604817007535,0.0006842013143029898,0.7138577302640451,0.3584281580935505,0.7386788429896493,0.6924517921214158,0.10835935417289637,0.6497181125172786,0.9084149826567541,0.7889483425202993,0.9306343766965578,0.5502205698099868,0.009379015229044938
SIFT 3.2*+DAISY,0,0.3355921116907646,0.17705623393760617,220387,89288,60997,0.27677222340700675,0.6831489113878685,9.634617583123585,11.201032708993019,1.162581971972944,3.595988392829895,442.3852844238281,198188,9.792289771275327,1.0163651734790105,317218,530.408695652174,310.44399888888944,0.5646318046256847,1.0326974578300412,0.020087057039293706,0.02016862135236882,1.0040605407211,5.33297336049767,9.941773158922835,0.42411921897798255,2.607877218760104,0.06730433283269885,0.003295244028394839,0.6476360776613723,0.3656596327742878,0.6973517393914986,0.4317965110135491,0.10209941698812172,0.3873419219738597,0.8992637893875486,0.8493496876858583,0.9481514931868998,0.41426048033339596,-0.1641774498586502
SIFT 3.2*+FREAK,0,0.3319476131742879,0.17745299725522448,230358,86331,54468,0.23644935274659443,0.6309205268096049,8.496763247954425,7.105412146694349,0.8362492797954516,3.5930954217910767,442.3852844238281,207082,9.557686744163835,1.1248620757398207,310516,473.6347826086957,275.59590236225534,0.5794622295670099,1.0074699002233574,0.2039614656856524,0.49128023025918716,2.4086914094663032,4.475746446834926,8.654091315735677,0.28317544246162885,1.8464018883915345,0.04781253527118659,0.0012484394506866417,0.7335035048799352,0.3134912813297385,0.7156672167455363,0.6536882482299197,0.08590380849005214,0.5046967336951194,0.9214681143208667,0.685616668568254,0.9238543819256813,0.5595228825763501,0.08435707784134733
